-- phpMyAdmin SQL Dump
-- version 5.2.1
-- https://www.phpmyadmin.net/
--
-- Host: localhost:3306
-- Generation Time: Jul 08, 2024 at 03:42 PM
-- Server version: 5.7.42
-- PHP Version: 8.1.28

SET SQL_MODE = "NO_AUTO_VALUE_ON_ZERO";
START TRANSACTION;
SET time_zone = "+00:00";


/*!40101 SET @OLD_CHARACTER_SET_CLIENT=@@CHARACTER_SET_CLIENT */;
/*!40101 SET @OLD_CHARACTER_SET_RESULTS=@@CHARACTER_SET_RESULTS */;
/*!40101 SET @OLD_COLLATION_CONNECTION=@@COLLATION_CONNECTION */;
/*!40101 SET NAMES utf8mb4 */;

--
-- Database: `smartthinkers_sms`
--

-- --------------------------------------------------------

--
-- Table structure for table `blood_groups`
--

CREATE TABLE `blood_groups` (
  `id` int(10) UNSIGNED NOT NULL,
  `name` varchar(255) COLLATE utf8mb4_unicode_ci NOT NULL,
  `created_at` timestamp NULL DEFAULT NULL,
  `updated_at` timestamp NULL DEFAULT NULL
) ENGINE=InnoDB DEFAULT CHARSET=utf8mb4 COLLATE=utf8mb4_unicode_ci;

--
-- Dumping data for table `blood_groups`
--

INSERT INTO `blood_groups` (`id`, `name`, `created_at`, `updated_at`) VALUES
(1, 'O-', '2024-07-06 21:35:35', '2024-07-06 21:35:35'),
(2, 'O+', '2024-07-06 21:35:35', '2024-07-06 21:35:35'),
(3, 'A+', '2024-07-06 21:35:35', '2024-07-06 21:35:35'),
(4, 'A-', '2024-07-06 21:35:35', '2024-07-06 21:35:35'),
(5, 'B+', '2024-07-06 21:35:35', '2024-07-06 21:35:35'),
(6, 'B-', '2024-07-06 21:35:35', '2024-07-06 21:35:35'),
(7, 'AB+', '2024-07-06 21:35:36', '2024-07-06 21:35:36'),
(8, 'AB-', '2024-07-06 21:35:36', '2024-07-06 21:35:36');

-- --------------------------------------------------------

--
-- Table structure for table `books`
--

CREATE TABLE `books` (
  `id` int(10) UNSIGNED NOT NULL,
  `name` varchar(100) COLLATE utf8mb4_unicode_ci NOT NULL,
  `my_class_id` int(10) UNSIGNED DEFAULT NULL,
  `description` varchar(255) COLLATE utf8mb4_unicode_ci DEFAULT NULL,
  `author` varchar(255) COLLATE utf8mb4_unicode_ci DEFAULT NULL,
  `book_type` varchar(255) COLLATE utf8mb4_unicode_ci DEFAULT NULL,
  `url` varchar(255) COLLATE utf8mb4_unicode_ci DEFAULT NULL,
  `location` varchar(255) COLLATE utf8mb4_unicode_ci DEFAULT NULL,
  `total_copies` int(11) DEFAULT NULL,
  `issued_copies` int(11) DEFAULT NULL,
  `created_at` timestamp NULL DEFAULT NULL,
  `updated_at` timestamp NULL DEFAULT NULL
) ENGINE=InnoDB DEFAULT CHARSET=utf8mb4 COLLATE=utf8mb4_unicode_ci;

-- --------------------------------------------------------

--
-- Table structure for table `book_requests`
--

CREATE TABLE `book_requests` (
  `id` int(10) UNSIGNED NOT NULL,
  `book_id` int(10) UNSIGNED NOT NULL,
  `user_id` int(10) UNSIGNED NOT NULL,
  `start_date` varchar(255) COLLATE utf8mb4_unicode_ci NOT NULL,
  `end_date` varchar(255) COLLATE utf8mb4_unicode_ci NOT NULL,
  `returned` varchar(255) COLLATE utf8mb4_unicode_ci NOT NULL DEFAULT '0',
  `status` varchar(255) COLLATE utf8mb4_unicode_ci DEFAULT NULL,
  `created_at` timestamp NULL DEFAULT NULL,
  `updated_at` timestamp NULL DEFAULT NULL
) ENGINE=InnoDB DEFAULT CHARSET=utf8mb4 COLLATE=utf8mb4_unicode_ci;

-- --------------------------------------------------------

--
-- Table structure for table `class_types`
--

CREATE TABLE `class_types` (
  `id` int(10) UNSIGNED NOT NULL,
  `name` varchar(255) COLLATE utf8mb4_unicode_ci NOT NULL,
  `code` varchar(255) COLLATE utf8mb4_unicode_ci NOT NULL,
  `created_at` timestamp NULL DEFAULT NULL,
  `updated_at` timestamp NULL DEFAULT NULL
) ENGINE=InnoDB DEFAULT CHARSET=utf8mb4 COLLATE=utf8mb4_unicode_ci;

--
-- Dumping data for table `class_types`
--

INSERT INTO `class_types` (`id`, `name`, `code`, `created_at`, `updated_at`) VALUES
(1, 'Creche', 'C', NULL, NULL),
(2, 'Pre Nursery', 'PN', NULL, NULL),
(3, 'Nursery', 'N', NULL, NULL),
(4, 'Primary', 'P', NULL, NULL),
(5, 'Junior Secondary', 'J', NULL, NULL),
(6, 'Senior Secondary', 'S', NULL, NULL);

-- --------------------------------------------------------

--
-- Table structure for table `dorms`
--

CREATE TABLE `dorms` (
  `id` int(10) UNSIGNED NOT NULL,
  `name` varchar(100) COLLATE utf8mb4_unicode_ci NOT NULL,
  `description` varchar(255) COLLATE utf8mb4_unicode_ci DEFAULT NULL,
  `created_at` timestamp NULL DEFAULT NULL,
  `updated_at` timestamp NULL DEFAULT NULL
) ENGINE=InnoDB DEFAULT CHARSET=utf8mb4 COLLATE=utf8mb4_unicode_ci;

--
-- Dumping data for table `dorms`
--

INSERT INTO `dorms` (`id`, `name`, `description`, `created_at`, `updated_at`) VALUES
(1, 'Faith Hostel', NULL, NULL, NULL),
(2, 'Peace Hostel', NULL, NULL, NULL),
(3, 'Grace Hostel', NULL, NULL, NULL),
(4, 'Success Hostel', NULL, NULL, NULL),
(5, 'Trust Hostel', NULL, NULL, NULL);

-- --------------------------------------------------------

--
-- Table structure for table `exams`
--

CREATE TABLE `exams` (
  `id` int(10) UNSIGNED NOT NULL,
  `name` varchar(255) COLLATE utf8mb4_unicode_ci NOT NULL,
  `term` tinyint(4) NOT NULL,
  `year` varchar(40) COLLATE utf8mb4_unicode_ci NOT NULL,
  `created_at` timestamp NULL DEFAULT NULL,
  `updated_at` timestamp NULL DEFAULT NULL
) ENGINE=InnoDB DEFAULT CHARSET=utf8mb4 COLLATE=utf8mb4_unicode_ci;

--
-- Dumping data for table `exams`
--

INSERT INTO `exams` (`id`, `name`, `term`, `year`, `created_at`, `updated_at`) VALUES
(1, '1st Term Final Exam', 1, '2023-2024', '2024-07-08 06:50:19', '2024-07-08 06:50:19');

-- --------------------------------------------------------

--
-- Table structure for table `exam_records`
--

CREATE TABLE `exam_records` (
  `id` int(10) UNSIGNED NOT NULL,
  `exam_id` int(10) UNSIGNED NOT NULL,
  `student_id` int(10) UNSIGNED NOT NULL,
  `my_class_id` int(10) UNSIGNED NOT NULL,
  `section_id` int(10) UNSIGNED NOT NULL,
  `total` int(11) DEFAULT NULL,
  `ave` varchar(255) COLLATE utf8mb4_unicode_ci DEFAULT NULL,
  `class_ave` varchar(255) COLLATE utf8mb4_unicode_ci DEFAULT NULL,
  `pos` int(11) DEFAULT NULL,
  `af` varchar(255) COLLATE utf8mb4_unicode_ci DEFAULT NULL,
  `ps` varchar(255) COLLATE utf8mb4_unicode_ci DEFAULT NULL,
  `p_comment` varchar(255) COLLATE utf8mb4_unicode_ci DEFAULT NULL,
  `t_comment` varchar(255) COLLATE utf8mb4_unicode_ci DEFAULT NULL,
  `year` varchar(255) COLLATE utf8mb4_unicode_ci NOT NULL,
  `created_at` timestamp NULL DEFAULT NULL,
  `updated_at` timestamp NULL DEFAULT NULL
) ENGINE=InnoDB DEFAULT CHARSET=utf8mb4 COLLATE=utf8mb4_unicode_ci;

--
-- Dumping data for table `exam_records`
--

INSERT INTO `exam_records` (`id`, `exam_id`, `student_id`, `my_class_id`, `section_id`, `total`, `ave`, `class_ave`, `pos`, `af`, `ps`, `p_comment`, `t_comment`, `year`, `created_at`, `updated_at`) VALUES
(1, 1, 69, 18, 19, 230, '76.7', '76.7', 1, NULL, NULL, NULL, NULL, '2023-2024', '2024-07-08 06:51:07', '2024-07-08 06:54:16');

-- --------------------------------------------------------

--
-- Table structure for table `grades`
--

CREATE TABLE `grades` (
  `id` int(10) UNSIGNED NOT NULL,
  `name` varchar(40) COLLATE utf8mb4_unicode_ci NOT NULL,
  `class_type_id` int(10) UNSIGNED DEFAULT NULL,
  `mark_from` tinyint(4) NOT NULL,
  `mark_to` tinyint(4) NOT NULL,
  `remark` varchar(40) COLLATE utf8mb4_unicode_ci DEFAULT NULL,
  `created_at` timestamp NULL DEFAULT NULL,
  `updated_at` timestamp NULL DEFAULT NULL
) ENGINE=InnoDB DEFAULT CHARSET=utf8mb4 COLLATE=utf8mb4_unicode_ci;

--
-- Dumping data for table `grades`
--

INSERT INTO `grades` (`id`, `name`, `class_type_id`, `mark_from`, `mark_to`, `remark`, `created_at`, `updated_at`) VALUES
(1, 'A', NULL, 70, 100, 'Excellent', NULL, NULL),
(2, 'B', NULL, 60, 69, 'Very Good', NULL, NULL),
(3, 'C', NULL, 50, 59, 'Good', NULL, NULL),
(4, 'D', NULL, 45, 49, 'Pass', NULL, NULL),
(5, 'E', NULL, 40, 44, 'Poor', NULL, NULL),
(6, 'F', NULL, 0, 39, 'Fail', NULL, NULL);

-- --------------------------------------------------------

--
-- Table structure for table `lgas`
--

CREATE TABLE `lgas` (
  `id` int(10) UNSIGNED NOT NULL,
  `state_id` int(10) UNSIGNED NOT NULL,
  `name` varchar(255) COLLATE utf8mb4_unicode_ci NOT NULL,
  `created_at` timestamp NULL DEFAULT NULL,
  `updated_at` timestamp NULL DEFAULT NULL
) ENGINE=InnoDB DEFAULT CHARSET=utf8mb4 COLLATE=utf8mb4_unicode_ci;

--
-- Dumping data for table `lgas`
--

INSERT INTO `lgas` (`id`, `state_id`, `name`, `created_at`, `updated_at`) VALUES
(1, 1, 'Aba North', '2024-07-06 21:36:06', '2024-07-06 21:36:06'),
(2, 1, 'Aba South', '2024-07-06 21:36:06', '2024-07-06 21:36:06'),
(3, 1, 'Arochukwu', '2024-07-06 21:36:06', '2024-07-06 21:36:06'),
(4, 1, 'Bende', '2024-07-06 21:36:07', '2024-07-06 21:36:07'),
(5, 1, 'Ikwuano', '2024-07-06 21:36:07', '2024-07-06 21:36:07'),
(6, 1, 'Isiala Ngwa North', '2024-07-06 21:36:07', '2024-07-06 21:36:07'),
(7, 1, 'Isiala Ngwa South', '2024-07-06 21:36:07', '2024-07-06 21:36:07'),
(8, 1, 'Isuikwuato', '2024-07-06 21:36:07', '2024-07-06 21:36:07'),
(9, 1, 'Obi Ngwa', '2024-07-06 21:36:07', '2024-07-06 21:36:07'),
(10, 1, 'Ohafia', '2024-07-06 21:36:07', '2024-07-06 21:36:07'),
(11, 1, 'Osisioma', '2024-07-06 21:36:07', '2024-07-06 21:36:07'),
(12, 1, 'Ugwunagbo', '2024-07-06 21:36:07', '2024-07-06 21:36:07'),
(13, 1, 'Ukwa East', '2024-07-06 21:36:07', '2024-07-06 21:36:07'),
(14, 1, 'Ukwa West', '2024-07-06 21:36:07', '2024-07-06 21:36:07'),
(15, 1, 'Umuahia North', '2024-07-06 21:36:07', '2024-07-06 21:36:07'),
(16, 1, 'Umuahia South', '2024-07-06 21:36:07', '2024-07-06 21:36:07'),
(17, 1, 'Umu Nneochi', '2024-07-06 21:36:08', '2024-07-06 21:36:08'),
(18, 2, 'Demsa', '2024-07-06 21:36:08', '2024-07-06 21:36:08'),
(19, 2, 'Fufure', '2024-07-06 21:36:08', '2024-07-06 21:36:08'),
(20, 2, 'Ganye', '2024-07-06 21:36:08', '2024-07-06 21:36:08'),
(21, 2, 'Gayuk', '2024-07-06 21:36:08', '2024-07-06 21:36:08'),
(22, 2, 'Gombi', '2024-07-06 21:36:08', '2024-07-06 21:36:08'),
(23, 2, 'Grie', '2024-07-06 21:36:08', '2024-07-06 21:36:08'),
(24, 2, 'Hong', '2024-07-06 21:36:08', '2024-07-06 21:36:08'),
(25, 2, 'Jada', '2024-07-06 21:36:08', '2024-07-06 21:36:08'),
(26, 2, 'Larmurde', '2024-07-06 21:36:09', '2024-07-06 21:36:09'),
(27, 2, 'Madagali', '2024-07-06 21:36:09', '2024-07-06 21:36:09'),
(28, 2, 'Maiha', '2024-07-06 21:36:09', '2024-07-06 21:36:09'),
(29, 2, 'Mayo Belwa', '2024-07-06 21:36:09', '2024-07-06 21:36:09'),
(30, 2, 'Michika', '2024-07-06 21:36:09', '2024-07-06 21:36:09'),
(31, 2, 'Mubi North', '2024-07-06 21:36:09', '2024-07-06 21:36:09'),
(32, 2, 'Mubi South', '2024-07-06 21:36:09', '2024-07-06 21:36:09'),
(33, 2, 'Numan', '2024-07-06 21:36:09', '2024-07-06 21:36:09'),
(34, 2, 'Shelleng', '2024-07-06 21:36:09', '2024-07-06 21:36:09'),
(35, 2, 'Song', '2024-07-06 21:36:09', '2024-07-06 21:36:09'),
(36, 2, 'Toungo', '2024-07-06 21:36:09', '2024-07-06 21:36:09'),
(37, 2, 'Yola North', '2024-07-06 21:36:09', '2024-07-06 21:36:09'),
(38, 2, 'Yola South', '2024-07-06 21:36:09', '2024-07-06 21:36:09'),
(39, 3, 'Abak', '2024-07-06 21:36:09', '2024-07-06 21:36:09'),
(40, 3, 'Eastern Obolo', '2024-07-06 21:36:09', '2024-07-06 21:36:09'),
(41, 3, 'Eket', '2024-07-06 21:36:09', '2024-07-06 21:36:09'),
(42, 3, 'Esit Eket', '2024-07-06 21:36:09', '2024-07-06 21:36:09'),
(43, 3, 'Essien Udim', '2024-07-06 21:36:09', '2024-07-06 21:36:09'),
(44, 3, 'Etim Ekpo', '2024-07-06 21:36:10', '2024-07-06 21:36:10'),
(45, 3, 'Etinan', '2024-07-06 21:36:10', '2024-07-06 21:36:10'),
(46, 3, 'Ibeno', '2024-07-06 21:36:10', '2024-07-06 21:36:10'),
(47, 3, 'Ibesikpo Asutan', '2024-07-06 21:36:10', '2024-07-06 21:36:10'),
(48, 3, 'Ibiono-Ibom', '2024-07-06 21:36:10', '2024-07-06 21:36:10'),
(49, 3, 'Ika', '2024-07-06 21:36:10', '2024-07-06 21:36:10'),
(50, 3, 'Ikono', '2024-07-06 21:36:10', '2024-07-06 21:36:10'),
(51, 3, 'Ikot Abasi', '2024-07-06 21:36:10', '2024-07-06 21:36:10'),
(52, 3, 'Ikot Ekpene', '2024-07-06 21:36:10', '2024-07-06 21:36:10'),
(53, 3, 'Ini', '2024-07-06 21:36:10', '2024-07-06 21:36:10'),
(54, 3, 'Itu', '2024-07-06 21:36:10', '2024-07-06 21:36:10'),
(55, 3, 'Mbo', '2024-07-06 21:36:10', '2024-07-06 21:36:10'),
(56, 3, 'Mkpat-Enin', '2024-07-06 21:36:10', '2024-07-06 21:36:10'),
(57, 3, 'Nsit-Atai', '2024-07-06 21:36:10', '2024-07-06 21:36:10'),
(58, 3, 'Nsit-Ibom', '2024-07-06 21:36:11', '2024-07-06 21:36:11'),
(59, 3, 'Nsit-Ubium', '2024-07-06 21:36:11', '2024-07-06 21:36:11'),
(60, 3, 'Obot Akara', '2024-07-06 21:36:11', '2024-07-06 21:36:11'),
(61, 3, 'Okobo', '2024-07-06 21:36:11', '2024-07-06 21:36:11'),
(62, 3, 'Onna', '2024-07-06 21:36:11', '2024-07-06 21:36:11'),
(63, 3, 'Oron', '2024-07-06 21:36:11', '2024-07-06 21:36:11'),
(64, 3, 'Oruk Anam', '2024-07-06 21:36:11', '2024-07-06 21:36:11'),
(65, 3, 'Udung-Uko', '2024-07-06 21:36:12', '2024-07-06 21:36:12'),
(66, 3, 'Ukanafun', '2024-07-06 21:36:12', '2024-07-06 21:36:12'),
(67, 3, 'Uruan', '2024-07-06 21:36:12', '2024-07-06 21:36:12'),
(68, 3, 'Urue-Offong/Oruko', '2024-07-06 21:36:12', '2024-07-06 21:36:12'),
(69, 3, 'Uyo', '2024-07-06 21:36:12', '2024-07-06 21:36:12'),
(70, 4, 'Aguata', '2024-07-06 21:36:13', '2024-07-06 21:36:13'),
(71, 4, 'Anambra East', '2024-07-06 21:36:13', '2024-07-06 21:36:13'),
(72, 4, 'Anambra West', '2024-07-06 21:36:13', '2024-07-06 21:36:13'),
(73, 4, 'Anaocha', '2024-07-06 21:36:14', '2024-07-06 21:36:14'),
(74, 4, 'Awka North', '2024-07-06 21:36:14', '2024-07-06 21:36:14'),
(75, 4, 'Awka South', '2024-07-06 21:36:14', '2024-07-06 21:36:14'),
(76, 4, 'Ayamelum', '2024-07-06 21:36:14', '2024-07-06 21:36:14'),
(77, 4, 'Dunukofia', '2024-07-06 21:36:15', '2024-07-06 21:36:15'),
(78, 4, 'Ekwusigo', '2024-07-06 21:36:15', '2024-07-06 21:36:15'),
(79, 4, 'Idemili North', '2024-07-06 21:36:15', '2024-07-06 21:36:15'),
(80, 4, 'Idemili South', '2024-07-06 21:36:15', '2024-07-06 21:36:15'),
(81, 4, 'Ihiala', '2024-07-06 21:36:15', '2024-07-06 21:36:15'),
(82, 4, 'Njikoka', '2024-07-06 21:36:15', '2024-07-06 21:36:15'),
(83, 4, 'Nnewi North', '2024-07-06 21:36:15', '2024-07-06 21:36:15'),
(84, 4, 'Nnewi South', '2024-07-06 21:36:15', '2024-07-06 21:36:15'),
(85, 4, 'Ogbaru', '2024-07-06 21:36:15', '2024-07-06 21:36:15'),
(86, 4, 'Onitsha North', '2024-07-06 21:36:15', '2024-07-06 21:36:15'),
(87, 4, 'Onitsha South', '2024-07-06 21:36:15', '2024-07-06 21:36:15'),
(88, 4, 'Orumba North', '2024-07-06 21:36:16', '2024-07-06 21:36:16'),
(89, 4, 'Orumba South', '2024-07-06 21:36:16', '2024-07-06 21:36:16'),
(90, 4, 'Oyi', '2024-07-06 21:36:16', '2024-07-06 21:36:16'),
(91, 5, 'Alkaleri', '2024-07-06 21:36:16', '2024-07-06 21:36:16'),
(92, 5, 'Bauchi', '2024-07-06 21:36:16', '2024-07-06 21:36:16'),
(93, 5, 'Bogoro', '2024-07-06 21:36:16', '2024-07-06 21:36:16'),
(94, 5, 'Damban', '2024-07-06 21:36:16', '2024-07-06 21:36:16'),
(95, 5, 'Darazo', '2024-07-06 21:36:16', '2024-07-06 21:36:16'),
(96, 5, 'Dass', '2024-07-06 21:36:16', '2024-07-06 21:36:16'),
(97, 5, 'Gamawa', '2024-07-06 21:36:17', '2024-07-06 21:36:17'),
(98, 5, 'Ganjuwa', '2024-07-06 21:36:17', '2024-07-06 21:36:17'),
(99, 5, 'Giade', '2024-07-06 21:36:17', '2024-07-06 21:36:17'),
(100, 5, 'Itas/Gadau', '2024-07-06 21:36:17', '2024-07-06 21:36:17'),
(101, 5, 'Jama\'are', '2024-07-06 21:36:17', '2024-07-06 21:36:17'),
(102, 5, 'Katagum', '2024-07-06 21:36:17', '2024-07-06 21:36:17'),
(103, 5, 'Kirfi', '2024-07-06 21:36:17', '2024-07-06 21:36:17'),
(104, 5, 'Misau', '2024-07-06 21:36:17', '2024-07-06 21:36:17'),
(105, 5, 'Ningi', '2024-07-06 21:36:17', '2024-07-06 21:36:17'),
(106, 5, 'Shira', '2024-07-06 21:36:17', '2024-07-06 21:36:17'),
(107, 5, 'Tafawa Balewa', '2024-07-06 21:36:17', '2024-07-06 21:36:17'),
(108, 5, 'Toro', '2024-07-06 21:36:17', '2024-07-06 21:36:17'),
(109, 5, 'Warji', '2024-07-06 21:36:18', '2024-07-06 21:36:18'),
(110, 5, 'Zaki', '2024-07-06 21:36:18', '2024-07-06 21:36:18'),
(111, 6, 'Brass', '2024-07-06 21:36:18', '2024-07-06 21:36:18'),
(112, 6, 'Ekeremor', '2024-07-06 21:36:18', '2024-07-06 21:36:18'),
(113, 6, 'Kolokuma/Opokuma', '2024-07-06 21:36:18', '2024-07-06 21:36:18'),
(114, 6, 'Nembe', '2024-07-06 21:36:18', '2024-07-06 21:36:18'),
(115, 6, 'Ogbia', '2024-07-06 21:36:18', '2024-07-06 21:36:18'),
(116, 6, 'Sagbama', '2024-07-06 21:36:18', '2024-07-06 21:36:18'),
(117, 6, 'Southern Ijaw', '2024-07-06 21:36:18', '2024-07-06 21:36:18'),
(118, 6, 'Yenagoa', '2024-07-06 21:36:18', '2024-07-06 21:36:18'),
(119, 7, 'Agatu', '2024-07-06 21:36:18', '2024-07-06 21:36:18'),
(120, 7, 'Apa', '2024-07-06 21:36:18', '2024-07-06 21:36:18'),
(121, 7, 'Ado', '2024-07-06 21:36:19', '2024-07-06 21:36:19'),
(122, 7, 'Buruku', '2024-07-06 21:36:19', '2024-07-06 21:36:19'),
(123, 7, 'Gboko', '2024-07-06 21:36:19', '2024-07-06 21:36:19'),
(124, 7, 'Guma', '2024-07-06 21:36:19', '2024-07-06 21:36:19'),
(125, 7, 'Gwer East', '2024-07-06 21:36:20', '2024-07-06 21:36:20'),
(126, 7, 'Gwer West', '2024-07-06 21:36:20', '2024-07-06 21:36:20'),
(127, 7, 'Katsina-Ala', '2024-07-06 21:36:20', '2024-07-06 21:36:20'),
(128, 7, 'Konshisha', '2024-07-06 21:36:20', '2024-07-06 21:36:20'),
(129, 7, 'Kwande', '2024-07-06 21:36:20', '2024-07-06 21:36:20'),
(130, 7, 'Logo', '2024-07-06 21:36:21', '2024-07-06 21:36:21'),
(131, 7, 'Makurdi', '2024-07-06 21:36:21', '2024-07-06 21:36:21'),
(132, 7, 'Obi', '2024-07-06 21:36:22', '2024-07-06 21:36:22'),
(133, 7, 'Ogbadibo', '2024-07-06 21:36:22', '2024-07-06 21:36:22'),
(134, 7, 'Ohimini', '2024-07-06 21:36:22', '2024-07-06 21:36:22'),
(135, 7, 'Oju', '2024-07-07 15:06:10', '2024-07-07 15:06:10'),
(136, 7, 'Okpokwu', '2024-07-07 15:06:14', '2024-07-07 15:06:14'),
(137, 7, 'Oturkpo', '2024-07-07 15:06:15', '2024-07-07 15:06:15'),
(138, 7, 'Tarka', '2024-07-07 15:06:20', '2024-07-07 15:06:20'),
(139, 7, 'Ukum', '2024-07-07 15:06:20', '2024-07-07 15:06:20'),
(140, 7, 'Ushongo', '2024-07-07 15:06:21', '2024-07-07 15:06:21'),
(141, 7, 'Vandeikya', '2024-07-07 15:06:22', '2024-07-07 15:06:22'),
(142, 8, 'Abadam', '2024-07-07 15:06:23', '2024-07-07 15:06:23'),
(143, 8, 'Askira/Uba', '2024-07-07 15:06:26', '2024-07-07 15:06:26'),
(144, 8, 'Bama', '2024-07-07 15:06:28', '2024-07-07 15:06:28'),
(145, 8, 'Bayo', '2024-07-07 15:06:29', '2024-07-07 15:06:29'),
(146, 8, 'Biu', '2024-07-07 15:06:31', '2024-07-07 15:06:31'),
(147, 8, 'Chibok', '2024-07-07 15:06:36', '2024-07-07 15:06:36'),
(148, 8, 'Damboa', '2024-07-07 15:06:38', '2024-07-07 15:06:38'),
(149, 8, 'Dikwa', '2024-07-07 15:06:39', '2024-07-07 15:06:39'),
(150, 8, 'Gubio', '2024-07-07 15:06:40', '2024-07-07 15:06:40'),
(151, 8, 'Guzamala', '2024-07-07 15:06:40', '2024-07-07 15:06:40'),
(152, 8, 'Gwoza', '2024-07-07 15:06:40', '2024-07-07 15:06:40'),
(153, 8, 'Hawul', '2024-07-07 15:06:41', '2024-07-07 15:06:41'),
(154, 8, 'Jere', '2024-07-07 15:06:41', '2024-07-07 15:06:41'),
(155, 8, 'Kaga', '2024-07-07 15:06:42', '2024-07-07 15:06:42'),
(156, 8, 'Kala/Balge', '2024-07-07 15:06:43', '2024-07-07 15:06:43'),
(157, 8, 'Konduga', '2024-07-07 15:06:43', '2024-07-07 15:06:43'),
(158, 8, 'Kukawa', '2024-07-07 15:06:43', '2024-07-07 15:06:43'),
(159, 8, 'Kwaya Kusar', '2024-07-07 15:06:44', '2024-07-07 15:06:44'),
(160, 8, 'Mafa', '2024-07-07 15:06:45', '2024-07-07 15:06:45'),
(161, 8, 'Magumeri', '2024-07-07 15:06:45', '2024-07-07 15:06:45'),
(162, 8, 'Maiduguri', '2024-07-07 15:06:46', '2024-07-07 15:06:46'),
(163, 8, 'Marte', '2024-07-07 15:06:46', '2024-07-07 15:06:46'),
(164, 8, 'Mobbar', '2024-07-07 15:06:47', '2024-07-07 15:06:47'),
(165, 8, 'Monguno', '2024-07-07 15:06:49', '2024-07-07 15:06:49'),
(166, 8, 'Ngala', '2024-07-07 15:06:50', '2024-07-07 15:06:50'),
(167, 8, 'Nganzai', '2024-07-07 15:06:50', '2024-07-07 15:06:50'),
(168, 8, 'Shani', '2024-07-07 15:06:52', '2024-07-07 15:06:52'),
(169, 9, 'Abi', '2024-07-07 15:06:52', '2024-07-07 15:06:52'),
(170, 9, 'Akamkpa', '2024-07-07 15:06:53', '2024-07-07 15:06:53'),
(171, 9, 'Akpabuyo', '2024-07-07 15:06:55', '2024-07-07 15:06:55'),
(172, 9, 'Bakassi', '2024-07-07 15:06:56', '2024-07-07 15:06:56'),
(173, 9, 'Bekwarra', '2024-07-07 15:06:57', '2024-07-07 15:06:57'),
(174, 9, 'Biase', '2024-07-07 15:06:57', '2024-07-07 15:06:57'),
(175, 9, 'Boki', '2024-07-07 15:06:58', '2024-07-07 15:06:58'),
(176, 9, 'Calabar Municipal', '2024-07-07 15:06:58', '2024-07-07 15:06:58'),
(177, 9, 'Calabar South', '2024-07-07 15:07:00', '2024-07-07 15:07:00'),
(178, 9, 'Etung', '2024-07-07 15:07:00', '2024-07-07 15:07:00'),
(179, 9, 'Ikom', '2024-07-07 15:07:01', '2024-07-07 15:07:01'),
(180, 9, 'Obanliku', '2024-07-07 15:07:02', '2024-07-07 15:07:02'),
(181, 9, 'Obubra', '2024-07-07 15:07:02', '2024-07-07 15:07:02'),
(182, 9, 'Obudu', '2024-07-07 15:07:03', '2024-07-07 15:07:03'),
(183, 9, 'Odukpani', '2024-07-07 15:07:04', '2024-07-07 15:07:04'),
(184, 9, 'Ogoja', '2024-07-07 15:07:05', '2024-07-07 15:07:05'),
(185, 9, 'Yakuur', '2024-07-07 15:07:05', '2024-07-07 15:07:05'),
(186, 9, 'Yala', '2024-07-07 15:07:05', '2024-07-07 15:07:05'),
(187, 10, 'Aniocha North', '2024-07-07 15:07:06', '2024-07-07 15:07:06'),
(188, 10, 'Aniocha South', '2024-07-07 15:07:06', '2024-07-07 15:07:06'),
(189, 10, 'Bomadi', '2024-07-07 15:07:06', '2024-07-07 15:07:06'),
(190, 10, 'Burutu', '2024-07-07 15:07:06', '2024-07-07 15:07:06'),
(191, 10, 'Ethiope East', '2024-07-07 15:07:06', '2024-07-07 15:07:06'),
(192, 10, 'Ethiope West', '2024-07-07 15:07:06', '2024-07-07 15:07:06'),
(193, 10, 'Ika North East', '2024-07-07 15:07:06', '2024-07-07 15:07:06'),
(194, 10, 'Ika South', '2024-07-07 15:07:07', '2024-07-07 15:07:07'),
(195, 10, 'Isoko North', '2024-07-07 15:07:07', '2024-07-07 15:07:07'),
(196, 10, 'Isoko South', '2024-07-07 15:07:07', '2024-07-07 15:07:07'),
(197, 10, 'Ndokwa East', '2024-07-07 15:07:07', '2024-07-07 15:07:07'),
(198, 10, 'Ndokwa West', '2024-07-07 15:07:07', '2024-07-07 15:07:07'),
(199, 10, 'Okpe', '2024-07-07 15:07:07', '2024-07-07 15:07:07'),
(200, 10, 'Oshimili North', '2024-07-07 15:07:08', '2024-07-07 15:07:08'),
(201, 10, 'Oshimili South', '2024-07-07 15:07:08', '2024-07-07 15:07:08'),
(202, 10, 'Patani', '2024-07-07 15:07:08', '2024-07-07 15:07:08'),
(203, 10, 'Sapele, Delta', '2024-07-07 15:07:08', '2024-07-07 15:07:08'),
(204, 10, 'Udu', '2024-07-07 15:07:08', '2024-07-07 15:07:08'),
(205, 10, 'Ughelli North', '2024-07-07 15:07:08', '2024-07-07 15:07:08'),
(206, 10, 'Ughelli South', '2024-07-07 15:07:08', '2024-07-07 15:07:08'),
(207, 10, 'Ukwuani', '2024-07-07 15:07:08', '2024-07-07 15:07:08'),
(208, 10, 'Uvwie', '2024-07-07 15:07:09', '2024-07-07 15:07:09'),
(209, 10, 'Warri North', '2024-07-07 15:07:09', '2024-07-07 15:07:09'),
(210, 10, 'Warri South', '2024-07-07 15:07:09', '2024-07-07 15:07:09'),
(211, 10, 'Warri South West', '2024-07-07 15:07:09', '2024-07-07 15:07:09'),
(212, 11, 'Abakaliki', '2024-07-07 15:07:09', '2024-07-07 15:07:09'),
(213, 11, 'Afikpo North', '2024-07-07 15:07:10', '2024-07-07 15:07:10'),
(214, 11, 'Afikpo South', '2024-07-07 15:07:10', '2024-07-07 15:07:10'),
(215, 11, 'Ebonyi', '2024-07-07 15:07:11', '2024-07-07 15:07:11'),
(216, 11, 'Ezza North', '2024-07-07 15:07:11', '2024-07-07 15:07:11'),
(217, 11, 'Ezza South', '2024-07-07 15:07:11', '2024-07-07 15:07:11'),
(218, 11, 'Ikwo', '2024-07-07 15:07:13', '2024-07-07 15:07:13'),
(219, 11, 'Ishielu', '2024-07-07 15:07:14', '2024-07-07 15:07:14'),
(220, 11, 'Ivo', '2024-07-07 15:07:14', '2024-07-07 15:07:14'),
(221, 11, 'Izzi', '2024-07-07 15:07:14', '2024-07-07 15:07:14'),
(222, 11, 'Ohaozara', '2024-07-07 15:07:15', '2024-07-07 15:07:15'),
(223, 11, 'Ohaukwu', '2024-07-07 15:07:15', '2024-07-07 15:07:15'),
(224, 11, 'Onicha', '2024-07-07 15:07:15', '2024-07-07 15:07:15'),
(225, 12, 'Akoko-Edo', '2024-07-07 15:07:15', '2024-07-07 15:07:15'),
(226, 12, 'Egor', '2024-07-07 15:07:16', '2024-07-07 15:07:16'),
(227, 12, 'Esan Central', '2024-07-07 15:07:16', '2024-07-07 15:07:16'),
(228, 12, 'Esan North-East', '2024-07-07 15:07:16', '2024-07-07 15:07:16'),
(229, 12, 'Esan South-East', '2024-07-07 15:07:19', '2024-07-07 15:07:19'),
(230, 12, 'Esan West', '2024-07-07 15:07:19', '2024-07-07 15:07:19'),
(231, 12, 'Etsako Central', '2024-07-07 15:07:20', '2024-07-07 15:07:20'),
(232, 12, 'Etsako East', '2024-07-07 15:07:20', '2024-07-07 15:07:20'),
(233, 12, 'Etsako West', '2024-07-07 15:07:20', '2024-07-07 15:07:20'),
(234, 12, 'Igueben', '2024-07-07 15:07:20', '2024-07-07 15:07:20'),
(235, 12, 'Ikpoba Okha', '2024-07-07 15:07:21', '2024-07-07 15:07:21'),
(236, 12, 'Orhionmwon', '2024-07-07 15:07:21', '2024-07-07 15:07:21'),
(237, 12, 'Oredo', '2024-07-07 15:07:22', '2024-07-07 15:07:22'),
(238, 12, 'Ovia North-East', '2024-07-07 15:07:23', '2024-07-07 15:07:23'),
(239, 12, 'Ovia South-West', '2024-07-07 15:07:24', '2024-07-07 15:07:24'),
(240, 12, 'Owan East', '2024-07-07 15:07:25', '2024-07-07 15:07:25'),
(241, 12, 'Owan West', '2024-07-07 15:07:25', '2024-07-07 15:07:25'),
(242, 12, 'Uhunmwonde', '2024-07-07 15:07:26', '2024-07-07 15:07:26'),
(243, 13, 'Ado Ekiti', '2024-07-07 15:07:26', '2024-07-07 15:07:26'),
(244, 13, 'Efon', '2024-07-07 15:07:26', '2024-07-07 15:07:26'),
(245, 13, 'Ekiti East', '2024-07-07 15:07:27', '2024-07-07 15:07:27'),
(246, 13, 'Ekiti South-West', '2024-07-07 15:07:27', '2024-07-07 15:07:27'),
(247, 13, 'Ekiti West', '2024-07-07 15:07:27', '2024-07-07 15:07:27'),
(248, 13, 'Emure', '2024-07-07 15:07:27', '2024-07-07 15:07:27'),
(249, 13, 'Gbonyin', '2024-07-07 15:07:27', '2024-07-07 15:07:27'),
(250, 13, 'Ido Osi', '2024-07-07 15:07:28', '2024-07-07 15:07:28'),
(251, 13, 'Ijero', '2024-07-07 15:07:28', '2024-07-07 15:07:28'),
(252, 13, 'Ikere', '2024-07-07 15:07:28', '2024-07-07 15:07:28'),
(253, 13, 'Ikole', '2024-07-07 15:07:28', '2024-07-07 15:07:28'),
(254, 13, 'Ilejemeje', '2024-07-07 15:07:29', '2024-07-07 15:07:29'),
(255, 13, 'Irepodun/Ifelodun', '2024-07-07 15:07:30', '2024-07-07 15:07:30'),
(256, 13, 'Ise/Orun', '2024-07-07 15:07:30', '2024-07-07 15:07:30'),
(257, 13, 'Moba', '2024-07-07 15:07:31', '2024-07-07 15:07:31'),
(258, 13, 'Oye', '2024-07-07 15:07:32', '2024-07-07 15:07:32'),
(259, 14, 'Aninri', '2024-07-07 15:07:32', '2024-07-07 15:07:32'),
(260, 14, 'Awgu', '2024-07-07 15:07:32', '2024-07-07 15:07:32'),
(261, 14, 'Enugu East', '2024-07-07 15:07:33', '2024-07-07 15:07:33'),
(262, 14, 'Enugu North', '2024-07-07 15:07:33', '2024-07-07 15:07:33'),
(263, 14, 'Enugu South', '2024-07-07 15:07:34', '2024-07-07 15:07:34'),
(264, 14, 'Ezeagu', '2024-07-07 15:07:34', '2024-07-07 15:07:34'),
(265, 14, 'Igbo Etiti', '2024-07-07 15:07:34', '2024-07-07 15:07:34'),
(266, 14, 'Igbo Eze North', '2024-07-07 15:07:35', '2024-07-07 15:07:35'),
(267, 14, 'Igbo Eze South', '2024-07-07 15:07:35', '2024-07-07 15:07:35'),
(268, 14, 'Isi Uzo', '2024-07-07 15:07:35', '2024-07-07 15:07:35'),
(269, 14, 'Nkanu East', '2024-07-07 15:07:35', '2024-07-07 15:07:35'),
(270, 14, 'Nkanu West', '2024-07-07 15:07:36', '2024-07-07 15:07:36'),
(271, 14, 'Nsukka', '2024-07-07 15:07:36', '2024-07-07 15:07:36'),
(272, 14, 'Oji River', '2024-07-07 15:07:36', '2024-07-07 15:07:36'),
(273, 14, 'Udenu', '2024-07-07 15:07:36', '2024-07-07 15:07:36'),
(274, 14, 'Udi', '2024-07-07 15:07:36', '2024-07-07 15:07:36'),
(275, 14, 'Uzo Uwani', '2024-07-07 15:07:36', '2024-07-07 15:07:36'),
(276, 15, 'Abaji', '2024-07-07 15:07:37', '2024-07-07 15:07:37'),
(277, 15, 'Bwari', '2024-07-07 15:07:37', '2024-07-07 15:07:37'),
(278, 15, 'Gwagwalada', '2024-07-07 15:07:37', '2024-07-07 15:07:37'),
(279, 15, 'Kuje', '2024-07-07 15:07:37', '2024-07-07 15:07:37'),
(280, 15, 'Kwali', '2024-07-07 15:07:37', '2024-07-07 15:07:37'),
(281, 15, 'Municipal Area Council', '2024-07-07 15:07:37', '2024-07-07 15:07:37'),
(282, 16, 'Akko', '2024-07-07 15:07:37', '2024-07-07 15:07:37'),
(283, 16, 'Balanga', '2024-07-07 15:07:37', '2024-07-07 15:07:37'),
(284, 16, 'Billiri', '2024-07-07 15:07:37', '2024-07-07 15:07:37'),
(285, 16, 'Dukku', '2024-07-07 15:07:37', '2024-07-07 15:07:37'),
(286, 16, 'Funakaye', '2024-07-07 15:07:37', '2024-07-07 15:07:37'),
(287, 16, 'Gombe', '2024-07-07 15:07:37', '2024-07-07 15:07:37'),
(288, 16, 'Kaltungo', '2024-07-07 15:07:37', '2024-07-07 15:07:37'),
(289, 16, 'Kwami', '2024-07-07 15:07:37', '2024-07-07 15:07:37'),
(290, 16, 'Nafada', '2024-07-07 15:07:38', '2024-07-07 15:07:38'),
(291, 16, 'Shongom', '2024-07-07 15:07:38', '2024-07-07 15:07:38'),
(292, 16, 'Yamaltu/Deba', '2024-07-07 15:07:38', '2024-07-07 15:07:38'),
(293, 17, 'Aboh Mbaise', '2024-07-07 15:07:38', '2024-07-07 15:07:38'),
(294, 17, 'Ahiazu Mbaise', '2024-07-07 15:07:38', '2024-07-07 15:07:38'),
(295, 17, 'Ehime Mbano', '2024-07-07 15:07:38', '2024-07-07 15:07:38'),
(296, 17, 'Ezinihitte', '2024-07-07 15:07:38', '2024-07-07 15:07:38'),
(297, 17, 'Ideato North', '2024-07-07 15:07:38', '2024-07-07 15:07:38'),
(298, 17, 'Ideato South', '2024-07-07 15:07:38', '2024-07-07 15:07:38'),
(299, 17, 'Ihitte/Uboma', '2024-07-07 15:07:38', '2024-07-07 15:07:38'),
(300, 17, 'Ikeduru', '2024-07-07 15:07:38', '2024-07-07 15:07:38'),
(301, 17, 'Isiala Mbano', '2024-07-07 15:07:38', '2024-07-07 15:07:38'),
(302, 17, 'Isu', '2024-07-07 15:07:38', '2024-07-07 15:07:38'),
(303, 17, 'Mbaitoli', '2024-07-07 15:07:38', '2024-07-07 15:07:38'),
(304, 17, 'Ngor Okpala', '2024-07-07 15:07:38', '2024-07-07 15:07:38'),
(305, 17, 'Njaba', '2024-07-07 15:07:38', '2024-07-07 15:07:38'),
(306, 17, 'Nkwerre', '2024-07-07 15:07:38', '2024-07-07 15:07:38'),
(307, 17, 'Nwangele', '2024-07-07 15:07:39', '2024-07-07 15:07:39'),
(308, 17, 'Obowo', '2024-07-07 15:07:39', '2024-07-07 15:07:39'),
(309, 17, 'Oguta', '2024-07-07 15:07:39', '2024-07-07 15:07:39'),
(310, 17, 'Ohaji/Egbema', '2024-07-07 15:07:39', '2024-07-07 15:07:39'),
(311, 17, 'Okigwe', '2024-07-07 15:07:39', '2024-07-07 15:07:39'),
(312, 17, 'Orlu', '2024-07-07 15:07:39', '2024-07-07 15:07:39'),
(313, 17, 'Orsu', '2024-07-07 15:07:39', '2024-07-07 15:07:39'),
(314, 17, 'Oru East', '2024-07-07 15:07:39', '2024-07-07 15:07:39'),
(315, 17, 'Oru West', '2024-07-07 15:07:39', '2024-07-07 15:07:39'),
(316, 17, 'Owerri Municipal', '2024-07-07 15:07:39', '2024-07-07 15:07:39'),
(317, 17, 'Owerri North', '2024-07-07 15:07:39', '2024-07-07 15:07:39'),
(318, 17, 'Owerri West', '2024-07-07 15:07:39', '2024-07-07 15:07:39'),
(319, 17, 'Unuimo', '2024-07-07 15:07:39', '2024-07-07 15:07:39'),
(320, 18, 'Auyo', '2024-07-07 15:07:39', '2024-07-07 15:07:39'),
(321, 18, 'Babura', '2024-07-07 15:07:40', '2024-07-07 15:07:40'),
(322, 18, 'Biriniwa', '2024-07-07 15:07:40', '2024-07-07 15:07:40'),
(323, 18, 'Birnin Kudu', '2024-07-07 15:07:40', '2024-07-07 15:07:40'),
(324, 18, 'Buji', '2024-07-07 15:07:40', '2024-07-07 15:07:40'),
(325, 18, 'Dutse', '2024-07-07 15:07:40', '2024-07-07 15:07:40'),
(326, 18, 'Gagarawa', '2024-07-07 15:07:40', '2024-07-07 15:07:40'),
(327, 18, 'Garki', '2024-07-07 15:07:40', '2024-07-07 15:07:40'),
(328, 18, 'Gumel', '2024-07-07 15:07:40', '2024-07-07 15:07:40'),
(329, 18, 'Guri', '2024-07-07 15:07:40', '2024-07-07 15:07:40'),
(330, 18, 'Gwaram', '2024-07-07 15:07:40', '2024-07-07 15:07:40'),
(331, 18, 'Gwiwa', '2024-07-07 15:07:40', '2024-07-07 15:07:40'),
(332, 18, 'Hadejia', '2024-07-07 15:07:40', '2024-07-07 15:07:40'),
(333, 18, 'Jahun', '2024-07-07 15:07:40', '2024-07-07 15:07:40'),
(334, 18, 'Kafin Hausa', '2024-07-07 15:07:40', '2024-07-07 15:07:40'),
(335, 18, 'Kazaure', '2024-07-07 15:07:40', '2024-07-07 15:07:40'),
(336, 18, 'Kiri Kasama', '2024-07-07 15:07:40', '2024-07-07 15:07:40'),
(337, 18, 'Kiyawa', '2024-07-07 15:07:40', '2024-07-07 15:07:40'),
(338, 18, 'Kaugama', '2024-07-07 15:07:41', '2024-07-07 15:07:41'),
(339, 18, 'Maigatari', '2024-07-07 15:07:41', '2024-07-07 15:07:41'),
(340, 18, 'Malam Madori', '2024-07-07 15:07:41', '2024-07-07 15:07:41'),
(341, 18, 'Miga', '2024-07-07 15:07:41', '2024-07-07 15:07:41'),
(342, 18, 'Ringim', '2024-07-07 15:07:41', '2024-07-07 15:07:41'),
(343, 18, 'Roni', '2024-07-07 15:07:41', '2024-07-07 15:07:41'),
(344, 18, 'Sule Tankarkar', '2024-07-07 15:07:41', '2024-07-07 15:07:41'),
(345, 18, 'Taura', '2024-07-07 15:07:41', '2024-07-07 15:07:41'),
(346, 18, 'Yankwashi', '2024-07-07 15:07:41', '2024-07-07 15:07:41'),
(347, 19, 'Birnin Gwari', '2024-07-07 15:07:41', '2024-07-07 15:07:41'),
(348, 19, 'Chikun', '2024-07-07 15:07:41', '2024-07-07 15:07:41'),
(349, 19, 'Giwa', '2024-07-07 15:07:41', '2024-07-07 15:07:41'),
(350, 19, 'Igabi', '2024-07-07 15:07:41', '2024-07-07 15:07:41'),
(351, 19, 'Ikara', '2024-07-07 15:07:41', '2024-07-07 15:07:41'),
(352, 19, 'Jaba', '2024-07-07 15:07:41', '2024-07-07 15:07:41'),
(353, 19, 'Jema\'a', '2024-07-07 15:07:41', '2024-07-07 15:07:41'),
(354, 19, 'Kachia', '2024-07-07 15:07:41', '2024-07-07 15:07:41'),
(355, 19, 'Kaduna North', '2024-07-07 15:07:42', '2024-07-07 15:07:42'),
(356, 19, 'Kaduna South', '2024-07-07 15:07:42', '2024-07-07 15:07:42'),
(357, 19, 'Kagarko', '2024-07-07 15:07:42', '2024-07-07 15:07:42'),
(358, 19, 'Kajuru', '2024-07-07 15:07:42', '2024-07-07 15:07:42'),
(359, 19, 'Kaura', '2024-07-07 15:07:42', '2024-07-07 15:07:42'),
(360, 19, 'Kauru', '2024-07-07 15:07:42', '2024-07-07 15:07:42'),
(361, 19, 'Kubau', '2024-07-07 15:07:42', '2024-07-07 15:07:42'),
(362, 19, 'Kudan', '2024-07-07 15:07:42', '2024-07-07 15:07:42'),
(363, 19, 'Lere', '2024-07-07 15:07:42', '2024-07-07 15:07:42'),
(364, 19, 'Makarfi', '2024-07-07 15:07:42', '2024-07-07 15:07:42'),
(365, 19, 'Sabon Gari', '2024-07-07 15:07:42', '2024-07-07 15:07:42'),
(366, 19, 'Sanga', '2024-07-07 15:07:42', '2024-07-07 15:07:42'),
(367, 19, 'Soba', '2024-07-07 15:07:42', '2024-07-07 15:07:42'),
(368, 19, 'Zangon Kataf', '2024-07-07 15:07:42', '2024-07-07 15:07:42'),
(369, 19, 'Zaria', '2024-07-07 15:07:42', '2024-07-07 15:07:42'),
(370, 20, 'Ajingi', '2024-07-07 15:07:42', '2024-07-07 15:07:42'),
(371, 20, 'Albasu', '2024-07-07 15:07:42', '2024-07-07 15:07:42'),
(372, 20, 'Bagwai', '2024-07-07 15:07:43', '2024-07-07 15:07:43'),
(373, 20, 'Bebeji', '2024-07-07 15:07:43', '2024-07-07 15:07:43'),
(374, 20, 'Bichi', '2024-07-07 15:07:43', '2024-07-07 15:07:43'),
(375, 20, 'Bunkure', '2024-07-07 15:07:43', '2024-07-07 15:07:43'),
(376, 20, 'Dala', '2024-07-07 15:07:43', '2024-07-07 15:07:43'),
(377, 20, 'Dambatta', '2024-07-07 15:07:43', '2024-07-07 15:07:43'),
(378, 20, 'Dawakin Kudu', '2024-07-07 15:07:43', '2024-07-07 15:07:43'),
(379, 20, 'Dawakin Tofa', '2024-07-07 15:07:43', '2024-07-07 15:07:43'),
(380, 20, 'Doguwa', '2024-07-07 15:07:43', '2024-07-07 15:07:43'),
(381, 20, 'Fagge', '2024-07-07 15:07:43', '2024-07-07 15:07:43'),
(382, 20, 'Gabasawa', '2024-07-07 15:07:43', '2024-07-07 15:07:43'),
(383, 20, 'Garko', '2024-07-07 15:07:43', '2024-07-07 15:07:43'),
(384, 20, 'Garun Mallam', '2024-07-07 15:07:44', '2024-07-07 15:07:44'),
(385, 20, 'Gaya', '2024-07-07 15:07:44', '2024-07-07 15:07:44'),
(386, 20, 'Gezawa', '2024-07-07 15:07:44', '2024-07-07 15:07:44'),
(387, 20, 'Gwale', '2024-07-07 15:07:44', '2024-07-07 15:07:44'),
(388, 20, 'Gwarzo', '2024-07-07 15:07:44', '2024-07-07 15:07:44'),
(389, 20, 'Kabo', '2024-07-07 15:07:44', '2024-07-07 15:07:44'),
(390, 20, 'Kano Municipal', '2024-07-07 15:07:44', '2024-07-07 15:07:44'),
(391, 20, 'Karaye', '2024-07-07 15:07:44', '2024-07-07 15:07:44'),
(392, 20, 'Kibiya', '2024-07-07 15:07:44', '2024-07-07 15:07:44'),
(393, 20, 'Kiru', '2024-07-07 15:07:44', '2024-07-07 15:07:44'),
(394, 20, 'Kumbotso', '2024-07-07 15:07:44', '2024-07-07 15:07:44'),
(395, 20, 'Kunchi', '2024-07-07 15:07:44', '2024-07-07 15:07:44'),
(396, 20, 'Kura', '2024-07-07 15:07:44', '2024-07-07 15:07:44'),
(397, 20, 'Madobi', '2024-07-07 15:07:45', '2024-07-07 15:07:45'),
(398, 20, 'Makoda', '2024-07-07 15:07:45', '2024-07-07 15:07:45'),
(399, 20, 'Minjibir', '2024-07-07 15:07:45', '2024-07-07 15:07:45'),
(400, 20, 'Nasarawa', '2024-07-07 15:07:45', '2024-07-07 15:07:45'),
(401, 20, 'Rano', '2024-07-07 15:07:45', '2024-07-07 15:07:45'),
(402, 20, 'Rimin Gado', '2024-07-07 15:07:45', '2024-07-07 15:07:45'),
(403, 20, 'Rogo', '2024-07-07 15:07:45', '2024-07-07 15:07:45'),
(404, 20, 'Shanono', '2024-07-07 15:07:45', '2024-07-07 15:07:45'),
(405, 20, 'Sumaila', '2024-07-07 15:07:45', '2024-07-07 15:07:45'),
(406, 20, 'Takai', '2024-07-07 15:07:45', '2024-07-07 15:07:45'),
(407, 20, 'Tarauni', '2024-07-07 15:07:45', '2024-07-07 15:07:45'),
(408, 20, 'Tofa', '2024-07-07 15:07:45', '2024-07-07 15:07:45'),
(409, 20, 'Tsanyawa', '2024-07-07 15:07:45', '2024-07-07 15:07:45'),
(410, 20, 'Tudun Wada', '2024-07-07 15:07:45', '2024-07-07 15:07:45'),
(411, 20, 'Ungogo', '2024-07-07 15:07:45', '2024-07-07 15:07:45'),
(412, 20, 'Warawa', '2024-07-07 15:07:45', '2024-07-07 15:07:45'),
(413, 20, 'Wudil', '2024-07-07 15:07:45', '2024-07-07 15:07:45'),
(414, 21, 'Bakori', '2024-07-07 15:07:46', '2024-07-07 15:07:46'),
(415, 21, 'Batagarawa', '2024-07-07 15:07:46', '2024-07-07 15:07:46'),
(416, 21, 'Batsari', '2024-07-07 15:07:46', '2024-07-07 15:07:46'),
(417, 21, 'Baure', '2024-07-07 15:07:46', '2024-07-07 15:07:46'),
(418, 21, 'Bindawa', '2024-07-07 15:07:46', '2024-07-07 15:07:46'),
(419, 21, 'Charanchi', '2024-07-07 15:07:46', '2024-07-07 15:07:46'),
(420, 21, 'Dandume', '2024-07-07 15:07:46', '2024-07-07 15:07:46'),
(421, 21, 'Danja', '2024-07-07 15:07:46', '2024-07-07 15:07:46'),
(422, 21, 'Dan Musa', '2024-07-07 15:07:46', '2024-07-07 15:07:46'),
(423, 21, 'Daura', '2024-07-07 15:07:46', '2024-07-07 15:07:46'),
(424, 21, 'Dutsi', '2024-07-07 15:07:46', '2024-07-07 15:07:46'),
(425, 21, 'Dutsin Ma', '2024-07-07 15:07:46', '2024-07-07 15:07:46'),
(426, 21, 'Faskari', '2024-07-07 15:07:46', '2024-07-07 15:07:46'),
(427, 21, 'Funtua', '2024-07-07 15:07:46', '2024-07-07 15:07:46'),
(428, 21, 'Ingawa', '2024-07-07 15:07:46', '2024-07-07 15:07:46'),
(429, 21, 'Jibia', '2024-07-07 15:07:46', '2024-07-07 15:07:46'),
(430, 21, 'Kafur', '2024-07-07 15:07:46', '2024-07-07 15:07:46'),
(431, 21, 'Kaita', '2024-07-07 15:07:47', '2024-07-07 15:07:47'),
(432, 21, 'Kankara', '2024-07-07 15:07:47', '2024-07-07 15:07:47'),
(433, 21, 'Kankia', '2024-07-07 15:07:47', '2024-07-07 15:07:47'),
(434, 21, 'Katsina', '2024-07-07 15:07:47', '2024-07-07 15:07:47'),
(435, 21, 'Kurfi', '2024-07-07 15:07:47', '2024-07-07 15:07:47'),
(436, 21, 'Kusada', '2024-07-07 15:07:47', '2024-07-07 15:07:47'),
(437, 21, 'Mai\'Adua', '2024-07-07 15:07:47', '2024-07-07 15:07:47'),
(438, 21, 'Malumfashi', '2024-07-07 15:07:47', '2024-07-07 15:07:47'),
(439, 21, 'Mani', '2024-07-07 15:07:47', '2024-07-07 15:07:47'),
(440, 21, 'Mashi', '2024-07-07 15:07:47', '2024-07-07 15:07:47'),
(441, 21, 'Matazu', '2024-07-07 15:07:47', '2024-07-07 15:07:47'),
(442, 21, 'Musawa', '2024-07-07 15:07:47', '2024-07-07 15:07:47'),
(443, 21, 'Rimi', '2024-07-07 15:07:47', '2024-07-07 15:07:47'),
(444, 21, 'Sabuwa', '2024-07-07 15:07:48', '2024-07-07 15:07:48'),
(445, 21, 'Safana', '2024-07-07 15:07:48', '2024-07-07 15:07:48'),
(446, 21, 'Sandamu', '2024-07-07 15:07:48', '2024-07-07 15:07:48'),
(447, 21, 'Zango', '2024-07-07 15:07:48', '2024-07-07 15:07:48'),
(448, 22, 'Aleiro', '2024-07-07 15:07:48', '2024-07-07 15:07:48'),
(449, 22, 'Arewa Dandi', '2024-07-07 15:07:48', '2024-07-07 15:07:48'),
(450, 22, 'Argungu', '2024-07-07 15:07:48', '2024-07-07 15:07:48'),
(451, 22, 'Augie', '2024-07-07 15:07:48', '2024-07-07 15:07:48'),
(452, 22, 'Bagudo', '2024-07-07 15:07:48', '2024-07-07 15:07:48'),
(453, 22, 'Birnin Kebbi', '2024-07-07 15:07:48', '2024-07-07 15:07:48'),
(454, 22, 'Bunza', '2024-07-07 15:07:48', '2024-07-07 15:07:48'),
(455, 22, 'Dandi', '2024-07-07 15:07:48', '2024-07-07 15:07:48'),
(456, 22, 'Fakai', '2024-07-07 15:07:48', '2024-07-07 15:07:48'),
(457, 22, 'Gwandu', '2024-07-07 15:07:49', '2024-07-07 15:07:49'),
(458, 22, 'Jega', '2024-07-07 15:07:49', '2024-07-07 15:07:49'),
(459, 22, 'Kalgo', '2024-07-07 15:07:49', '2024-07-07 15:07:49'),
(460, 22, 'Koko/Besse', '2024-07-07 15:07:49', '2024-07-07 15:07:49'),
(461, 22, 'Maiyama', '2024-07-07 15:07:49', '2024-07-07 15:07:49'),
(462, 22, 'Ngaski', '2024-07-07 15:07:49', '2024-07-07 15:07:49'),
(463, 22, 'Sakaba', '2024-07-07 15:07:49', '2024-07-07 15:07:49'),
(464, 22, 'Shanga', '2024-07-07 15:07:49', '2024-07-07 15:07:49'),
(465, 22, 'Suru', '2024-07-07 15:07:49', '2024-07-07 15:07:49'),
(466, 22, 'Wasagu/Danko', '2024-07-07 15:07:49', '2024-07-07 15:07:49'),
(467, 22, 'Yauri', '2024-07-07 15:07:49', '2024-07-07 15:07:49'),
(468, 22, 'Zuru', '2024-07-07 15:07:49', '2024-07-07 15:07:49'),
(469, 23, 'Adavi', '2024-07-07 15:07:49', '2024-07-07 15:07:49'),
(470, 23, 'Ajaokuta', '2024-07-07 15:07:49', '2024-07-07 15:07:49'),
(471, 23, 'Ankpa', '2024-07-07 15:07:49', '2024-07-07 15:07:49'),
(472, 23, 'Bassa', '2024-07-07 15:07:49', '2024-07-07 15:07:49'),
(473, 23, 'Dekina', '2024-07-07 15:07:49', '2024-07-07 15:07:49'),
(474, 23, 'Ibaji', '2024-07-07 15:07:49', '2024-07-07 15:07:49'),
(475, 23, 'Idah', '2024-07-07 15:07:49', '2024-07-07 15:07:49'),
(476, 23, 'Igalamela Odolu', '2024-07-07 15:07:49', '2024-07-07 15:07:49'),
(477, 23, 'Ijumu', '2024-07-07 15:07:49', '2024-07-07 15:07:49'),
(478, 23, 'Kabba/Bunu', '2024-07-07 15:07:50', '2024-07-07 15:07:50'),
(479, 23, 'Kogi', '2024-07-07 15:07:50', '2024-07-07 15:07:50'),
(480, 23, 'Lokoja', '2024-07-07 15:07:50', '2024-07-07 15:07:50'),
(481, 23, 'Mopa Muro', '2024-07-07 15:07:50', '2024-07-07 15:07:50'),
(482, 23, 'Ofu', '2024-07-07 15:07:50', '2024-07-07 15:07:50'),
(483, 23, 'Ogori/Magongo', '2024-07-07 15:07:50', '2024-07-07 15:07:50'),
(484, 23, 'Okehi', '2024-07-07 15:07:50', '2024-07-07 15:07:50'),
(485, 23, 'Okene', '2024-07-07 15:07:50', '2024-07-07 15:07:50'),
(486, 23, 'Olamaboro', '2024-07-07 15:07:50', '2024-07-07 15:07:50'),
(487, 23, 'Omala', '2024-07-07 15:07:50', '2024-07-07 15:07:50'),
(488, 23, 'Yagba East', '2024-07-07 15:07:50', '2024-07-07 15:07:50'),
(489, 23, 'Yagba West', '2024-07-07 15:07:50', '2024-07-07 15:07:50'),
(490, 24, 'Asa', '2024-07-07 15:07:50', '2024-07-07 15:07:50'),
(491, 24, 'Baruten', '2024-07-07 15:07:50', '2024-07-07 15:07:50'),
(492, 24, 'Edu', '2024-07-07 15:07:50', '2024-07-07 15:07:50'),
(493, 24, 'Ekiti, Kwara State', '2024-07-07 15:07:51', '2024-07-07 15:07:51'),
(494, 24, 'Ifelodun', '2024-07-07 15:07:51', '2024-07-07 15:07:51'),
(495, 24, 'Ilorin East', '2024-07-07 15:07:51', '2024-07-07 15:07:51'),
(496, 24, 'Ilorin South', '2024-07-07 15:07:51', '2024-07-07 15:07:51'),
(497, 24, 'Ilorin West', '2024-07-07 15:07:51', '2024-07-07 15:07:51'),
(498, 24, 'Irepodun', '2024-07-07 15:07:51', '2024-07-07 15:07:51'),
(499, 24, 'Isin', '2024-07-07 15:07:51', '2024-07-07 15:07:51'),
(500, 24, 'Kaiama', '2024-07-07 15:07:51', '2024-07-07 15:07:51'),
(501, 24, 'Moro', '2024-07-07 15:07:51', '2024-07-07 15:07:51'),
(502, 24, 'Offa', '2024-07-07 15:07:51', '2024-07-07 15:07:51'),
(503, 24, 'Oke Ero', '2024-07-07 15:07:52', '2024-07-07 15:07:52'),
(504, 24, 'Oyun', '2024-07-07 15:07:52', '2024-07-07 15:07:52'),
(505, 24, 'Pategi', '2024-07-07 15:07:52', '2024-07-07 15:07:52'),
(506, 25, 'Agege', '2024-07-07 15:07:52', '2024-07-07 15:07:52'),
(507, 25, 'Ajeromi-Ifelodun', '2024-07-07 15:07:52', '2024-07-07 15:07:52'),
(508, 25, 'Alimosho', '2024-07-07 15:07:52', '2024-07-07 15:07:52'),
(509, 25, 'Amuwo-Odofin', '2024-07-07 15:07:52', '2024-07-07 15:07:52'),
(510, 25, 'Apapa', '2024-07-07 15:07:52', '2024-07-07 15:07:52'),
(511, 25, 'Badagry', '2024-07-07 15:07:52', '2024-07-07 15:07:52'),
(512, 25, 'Epe', '2024-07-07 15:07:52', '2024-07-07 15:07:52'),
(513, 25, 'Eti Osa', '2024-07-07 15:07:53', '2024-07-07 15:07:53'),
(514, 25, 'Ibeju-Lekki', '2024-07-07 15:07:53', '2024-07-07 15:07:53'),
(515, 25, 'Ifako-Ijaiye', '2024-07-07 15:07:53', '2024-07-07 15:07:53'),
(516, 25, 'Ikeja', '2024-07-07 15:07:53', '2024-07-07 15:07:53'),
(517, 25, 'Ikorodu', '2024-07-07 15:07:53', '2024-07-07 15:07:53'),
(518, 25, 'Kosofe', '2024-07-07 15:07:53', '2024-07-07 15:07:53'),
(519, 25, 'Lagos Island', '2024-07-07 15:07:53', '2024-07-07 15:07:53'),
(520, 25, 'Lagos Mainland', '2024-07-07 15:07:53', '2024-07-07 15:07:53'),
(521, 25, 'Mushin', '2024-07-07 15:07:53', '2024-07-07 15:07:53'),
(522, 25, 'Ojo', '2024-07-07 15:07:53', '2024-07-07 15:07:53'),
(523, 25, 'Oshodi-Isolo', '2024-07-07 15:07:53', '2024-07-07 15:07:53'),
(524, 25, 'Shomolu', '2024-07-07 15:07:53', '2024-07-07 15:07:53'),
(525, 25, 'Surulere, Lagos State', '2024-07-07 15:07:53', '2024-07-07 15:07:53'),
(526, 26, 'Akwanga', '2024-07-07 15:07:53', '2024-07-07 15:07:53'),
(527, 26, 'Awe', '2024-07-07 15:07:53', '2024-07-07 15:07:53'),
(528, 26, 'Doma', '2024-07-07 15:07:53', '2024-07-07 15:07:53'),
(529, 26, 'Karu', '2024-07-07 15:07:53', '2024-07-07 15:07:53'),
(530, 26, 'Keana', '2024-07-07 15:07:53', '2024-07-07 15:07:53'),
(531, 26, 'Keffi', '2024-07-07 15:07:53', '2024-07-07 15:07:53'),
(532, 26, 'Kokona', '2024-07-07 15:07:53', '2024-07-07 15:07:53'),
(533, 26, 'Lafia', '2024-07-07 15:07:54', '2024-07-07 15:07:54'),
(534, 26, 'Nasarawa', '2024-07-07 15:07:54', '2024-07-07 15:07:54'),
(535, 26, 'Nasarawa Egon', '2024-07-07 15:07:54', '2024-07-07 15:07:54'),
(536, 26, 'Obi', '2024-07-07 15:07:54', '2024-07-07 15:07:54'),
(537, 26, 'Toto', '2024-07-07 15:07:54', '2024-07-07 15:07:54'),
(538, 26, 'Wamba', '2024-07-07 15:07:54', '2024-07-07 15:07:54'),
(539, 27, 'Agaie', '2024-07-07 15:07:54', '2024-07-07 15:07:54'),
(540, 27, 'Agwara', '2024-07-07 15:07:55', '2024-07-07 15:07:55'),
(541, 27, 'Bida', '2024-07-07 15:07:55', '2024-07-07 15:07:55'),
(542, 27, 'Borgu', '2024-07-07 15:07:55', '2024-07-07 15:07:55'),
(543, 27, 'Bosso', '2024-07-07 15:07:55', '2024-07-07 15:07:55'),
(544, 27, 'Chanchaga', '2024-07-07 15:07:55', '2024-07-07 15:07:55'),
(545, 27, 'Edati', '2024-07-07 15:07:55', '2024-07-07 15:07:55'),
(546, 27, 'Gbako', '2024-07-07 15:07:55', '2024-07-07 15:07:55'),
(547, 27, 'Gurara', '2024-07-07 15:07:55', '2024-07-07 15:07:55'),
(548, 27, 'Katcha', '2024-07-07 15:07:55', '2024-07-07 15:07:55'),
(549, 27, 'Kontagora', '2024-07-07 15:07:55', '2024-07-07 15:07:55'),
(550, 27, 'Lapai', '2024-07-07 15:07:56', '2024-07-07 15:07:56'),
(551, 27, 'Lavun', '2024-07-07 15:07:56', '2024-07-07 15:07:56'),
(552, 27, 'Magama', '2024-07-07 15:07:56', '2024-07-07 15:07:56'),
(553, 27, 'Mariga', '2024-07-07 15:07:56', '2024-07-07 15:07:56'),
(554, 27, 'Mashegu', '2024-07-07 15:07:56', '2024-07-07 15:07:56'),
(555, 27, 'Mokwa', '2024-07-07 15:07:56', '2024-07-07 15:07:56'),
(556, 27, 'Moya', '2024-07-07 15:07:56', '2024-07-07 15:07:56'),
(557, 27, 'Paikoro', '2024-07-07 15:07:56', '2024-07-07 15:07:56'),
(558, 27, 'Rafi', '2024-07-07 15:07:56', '2024-07-07 15:07:56'),
(559, 27, 'Rijau', '2024-07-07 15:07:56', '2024-07-07 15:07:56'),
(560, 27, 'Shiroro', '2024-07-07 15:07:56', '2024-07-07 15:07:56'),
(561, 27, 'Suleja', '2024-07-07 15:07:56', '2024-07-07 15:07:56'),
(562, 27, 'Tafa', '2024-07-07 15:07:56', '2024-07-07 15:07:56'),
(563, 27, 'Wushishi', '2024-07-07 15:07:57', '2024-07-07 15:07:57'),
(564, 28, 'Abeokuta North', '2024-07-07 15:07:57', '2024-07-07 15:07:57'),
(565, 28, 'Abeokuta South', '2024-07-07 15:07:57', '2024-07-07 15:07:57'),
(566, 28, 'Ado-Odo/Ota', '2024-07-07 15:07:57', '2024-07-07 15:07:57'),
(567, 28, 'Egbado North', '2024-07-07 15:07:57', '2024-07-07 15:07:57'),
(568, 28, 'Egbado South', '2024-07-07 15:07:57', '2024-07-07 15:07:57'),
(569, 28, 'Ewekoro', '2024-07-07 15:07:57', '2024-07-07 15:07:57'),
(570, 28, 'Ifo', '2024-07-07 15:07:57', '2024-07-07 15:07:57'),
(571, 28, 'Ijebu East', '2024-07-07 15:07:57', '2024-07-07 15:07:57'),
(572, 28, 'Ijebu North', '2024-07-07 15:07:57', '2024-07-07 15:07:57'),
(573, 28, 'Ijebu North East', '2024-07-07 15:07:57', '2024-07-07 15:07:57'),
(574, 28, 'Ijebu Ode', '2024-07-07 15:07:57', '2024-07-07 15:07:57'),
(575, 28, 'Ikenne', '2024-07-07 15:07:57', '2024-07-07 15:07:57'),
(576, 28, 'Imeko Afon', '2024-07-07 15:07:57', '2024-07-07 15:07:57'),
(577, 28, 'Ipokia', '2024-07-07 15:07:58', '2024-07-07 15:07:58'),
(578, 28, 'Obafemi Owode', '2024-07-07 15:07:58', '2024-07-07 15:07:58'),
(579, 28, 'Odeda', '2024-07-07 15:07:58', '2024-07-07 15:07:58'),
(580, 28, 'Odogbolu', '2024-07-07 15:07:58', '2024-07-07 15:07:58'),
(581, 28, 'Ogun Waterside', '2024-07-07 15:07:58', '2024-07-07 15:07:58'),
(582, 28, 'Remo North', '2024-07-07 15:07:58', '2024-07-07 15:07:58'),
(583, 28, 'Shagamu', '2024-07-07 15:07:58', '2024-07-07 15:07:58'),
(584, 29, 'Akoko North-East', '2024-07-07 15:07:58', '2024-07-07 15:07:58'),
(585, 29, 'Akoko North-West', '2024-07-07 15:07:58', '2024-07-07 15:07:58'),
(586, 29, 'Akoko South-West', '2024-07-07 15:07:58', '2024-07-07 15:07:58'),
(587, 29, 'Akoko South-East', '2024-07-07 15:07:58', '2024-07-07 15:07:58'),
(588, 29, 'Akure North', '2024-07-07 15:07:59', '2024-07-07 15:07:59'),
(589, 29, 'Akure South', '2024-07-07 15:07:59', '2024-07-07 15:07:59'),
(590, 29, 'Ese Odo', '2024-07-07 15:07:59', '2024-07-07 15:07:59'),
(591, 29, 'Idanre', '2024-07-07 15:07:59', '2024-07-07 15:07:59'),
(592, 29, 'Ifedore', '2024-07-07 15:07:59', '2024-07-07 15:07:59'),
(593, 29, 'Ilaje', '2024-07-07 15:07:59', '2024-07-07 15:07:59'),
(594, 29, 'Ile Oluji/Okeigbo', '2024-07-07 15:07:59', '2024-07-07 15:07:59'),
(595, 29, 'Irele', '2024-07-07 15:07:59', '2024-07-07 15:07:59'),
(596, 29, 'Odigbo', '2024-07-07 15:07:59', '2024-07-07 15:07:59'),
(597, 29, 'Okitipupa', '2024-07-07 15:08:00', '2024-07-07 15:08:00'),
(598, 29, 'Ondo East', '2024-07-07 15:08:00', '2024-07-07 15:08:00'),
(599, 29, 'Ondo West', '2024-07-07 15:08:00', '2024-07-07 15:08:00'),
(600, 29, 'Ose', '2024-07-07 15:08:00', '2024-07-07 15:08:00'),
(601, 29, 'Owo', '2024-07-07 15:08:00', '2024-07-07 15:08:00'),
(602, 30, 'Atakunmosa East', '2024-07-07 15:08:00', '2024-07-07 15:08:00'),
(603, 30, 'Atakunmosa West', '2024-07-07 15:08:00', '2024-07-07 15:08:00'),
(604, 30, 'Aiyedaade', '2024-07-07 15:08:00', '2024-07-07 15:08:00'),
(605, 30, 'Aiyedire', '2024-07-07 15:08:00', '2024-07-07 15:08:00'),
(606, 30, 'Boluwaduro', '2024-07-07 15:08:00', '2024-07-07 15:08:00'),
(607, 30, 'Boripe', '2024-07-07 15:08:00', '2024-07-07 15:08:00'),
(608, 30, 'Ede North', '2024-07-07 15:08:00', '2024-07-07 15:08:00'),
(609, 30, 'Ede South', '2024-07-07 15:08:01', '2024-07-07 15:08:01'),
(610, 30, 'Ife Central', '2024-07-07 15:08:01', '2024-07-07 15:08:01'),
(611, 30, 'Ife East', '2024-07-07 15:08:01', '2024-07-07 15:08:01'),
(612, 30, 'Ife North', '2024-07-07 15:08:01', '2024-07-07 15:08:01'),
(613, 30, 'Ife South', '2024-07-07 15:08:01', '2024-07-07 15:08:01'),
(614, 30, 'Egbedore', '2024-07-07 15:08:01', '2024-07-07 15:08:01'),
(615, 30, 'Ejigbo', '2024-07-07 15:08:01', '2024-07-07 15:08:01'),
(616, 30, 'Ifedayo', '2024-07-07 15:08:01', '2024-07-07 15:08:01'),
(617, 30, 'Ifelodun', '2024-07-07 15:08:01', '2024-07-07 15:08:01'),
(618, 30, 'Ila', '2024-07-07 15:08:01', '2024-07-07 15:08:01'),
(619, 30, 'Ilesa East', '2024-07-07 15:08:01', '2024-07-07 15:08:01'),
(620, 30, 'Ilesa West', '2024-07-07 15:08:01', '2024-07-07 15:08:01'),
(621, 30, 'Irepodun', '2024-07-07 15:08:01', '2024-07-07 15:08:01'),
(622, 30, 'Irewole', '2024-07-07 15:08:01', '2024-07-07 15:08:01'),
(623, 30, 'Isokan', '2024-07-07 15:08:01', '2024-07-07 15:08:01'),
(624, 30, 'Iwo', '2024-07-07 15:08:02', '2024-07-07 15:08:02'),
(625, 30, 'Obokun', '2024-07-07 15:08:02', '2024-07-07 15:08:02'),
(626, 30, 'Odo Otin', '2024-07-07 15:08:02', '2024-07-07 15:08:02'),
(627, 30, 'Ola Oluwa', '2024-07-07 15:08:02', '2024-07-07 15:08:02'),
(628, 30, 'Olorunda', '2024-07-07 15:08:02', '2024-07-07 15:08:02'),
(629, 30, 'Oriade', '2024-07-07 15:08:02', '2024-07-07 15:08:02'),
(630, 30, 'Orolu', '2024-07-07 15:08:02', '2024-07-07 15:08:02'),
(631, 30, 'Osogbo', '2024-07-07 15:08:02', '2024-07-07 15:08:02'),
(632, 31, 'Afijio', '2024-07-07 15:08:02', '2024-07-07 15:08:02'),
(633, 31, 'Akinyele', '2024-07-07 15:08:02', '2024-07-07 15:08:02'),
(634, 31, 'Atiba', '2024-07-07 15:08:02', '2024-07-07 15:08:02'),
(635, 31, 'Atisbo', '2024-07-07 15:08:02', '2024-07-07 15:08:02'),
(636, 31, 'Egbeda', '2024-07-07 15:08:02', '2024-07-07 15:08:02'),
(637, 31, 'Ibadan North', '2024-07-07 15:08:02', '2024-07-07 15:08:02'),
(638, 31, 'Ibadan North-East', '2024-07-07 15:08:03', '2024-07-07 15:08:03'),
(639, 31, 'Ibadan North-West', '2024-07-07 15:08:03', '2024-07-07 15:08:03'),
(640, 31, 'Ibadan South-East', '2024-07-07 15:08:03', '2024-07-07 15:08:03'),
(641, 31, 'Ibadan South-West', '2024-07-07 15:08:03', '2024-07-07 15:08:03'),
(642, 31, 'Ibarapa Central', '2024-07-07 15:08:03', '2024-07-07 15:08:03'),
(643, 31, 'Ibarapa East', '2024-07-07 15:08:03', '2024-07-07 15:08:03'),
(644, 31, 'Ibarapa North', '2024-07-07 15:08:03', '2024-07-07 15:08:03'),
(645, 31, 'Ido', '2024-07-07 15:08:03', '2024-07-07 15:08:03'),
(646, 31, 'Irepo', '2024-07-07 15:08:03', '2024-07-07 15:08:03'),
(647, 31, 'Iseyin', '2024-07-07 15:08:03', '2024-07-07 15:08:03'),
(648, 31, 'Itesiwaju', '2024-07-07 15:08:03', '2024-07-07 15:08:03'),
(649, 31, 'Iwajowa', '2024-07-07 15:08:03', '2024-07-07 15:08:03'),
(650, 31, 'Kajola', '2024-07-07 15:08:03', '2024-07-07 15:08:03'),
(651, 31, 'Lagelu', '2024-07-07 15:08:03', '2024-07-07 15:08:03'),
(652, 31, 'Ogbomosho North', '2024-07-07 15:08:04', '2024-07-07 15:08:04'),
(653, 31, 'Ogbomosho South', '2024-07-07 15:08:04', '2024-07-07 15:08:04'),
(654, 31, 'Ogo Oluwa', '2024-07-07 15:08:04', '2024-07-07 15:08:04'),
(655, 31, 'Olorunsogo', '2024-07-07 15:08:04', '2024-07-07 15:08:04'),
(656, 31, 'Oluyole', '2024-07-07 15:08:04', '2024-07-07 15:08:04'),
(657, 31, 'Ona Ara', '2024-07-07 15:08:04', '2024-07-07 15:08:04'),
(658, 31, 'Orelope', '2024-07-07 15:08:04', '2024-07-07 15:08:04'),
(659, 31, 'Ori Ire', '2024-07-07 15:08:04', '2024-07-07 15:08:04'),
(660, 31, 'Oyo', '2024-07-07 15:08:04', '2024-07-07 15:08:04'),
(661, 31, 'Oyo East', '2024-07-07 15:08:04', '2024-07-07 15:08:04'),
(662, 31, 'Saki East', '2024-07-07 15:08:04', '2024-07-07 15:08:04'),
(663, 31, 'Saki West', '2024-07-07 15:08:04', '2024-07-07 15:08:04'),
(664, 31, 'Surulere, Oyo State', '2024-07-07 15:08:04', '2024-07-07 15:08:04'),
(665, 32, 'Bokkos', '2024-07-07 15:08:04', '2024-07-07 15:08:04'),
(666, 32, 'Barkin Ladi', '2024-07-07 15:08:04', '2024-07-07 15:08:04'),
(667, 32, 'Bassa', '2024-07-07 15:08:04', '2024-07-07 15:08:04'),
(668, 32, 'Jos East', '2024-07-07 15:08:04', '2024-07-07 15:08:04'),
(669, 32, 'Jos North', '2024-07-07 15:08:05', '2024-07-07 15:08:05'),
(670, 32, 'Jos South', '2024-07-07 15:08:05', '2024-07-07 15:08:05'),
(671, 32, 'Kanam', '2024-07-07 15:08:05', '2024-07-07 15:08:05'),
(672, 32, 'Kanke', '2024-07-07 15:08:05', '2024-07-07 15:08:05'),
(673, 32, 'Langtang South', '2024-07-07 15:08:05', '2024-07-07 15:08:05'),
(674, 32, 'Langtang North', '2024-07-07 15:08:05', '2024-07-07 15:08:05'),
(675, 32, 'Mangu', '2024-07-07 15:08:05', '2024-07-07 15:08:05'),
(676, 32, 'Mikang', '2024-07-07 15:08:05', '2024-07-07 15:08:05'),
(677, 32, 'Pankshin', '2024-07-07 15:08:05', '2024-07-07 15:08:05'),
(678, 32, 'Qua\'an Pan', '2024-07-07 15:08:05', '2024-07-07 15:08:05'),
(679, 32, 'Riyom', '2024-07-07 15:08:05', '2024-07-07 15:08:05'),
(680, 32, 'Shendam', '2024-07-07 15:08:05', '2024-07-07 15:08:05'),
(681, 32, 'Wase', '2024-07-07 15:08:05', '2024-07-07 15:08:05'),
(682, 33, 'Abua/Odual', '2024-07-07 15:08:05', '2024-07-07 15:08:05'),
(683, 33, 'Ahoada East', '2024-07-07 15:08:05', '2024-07-07 15:08:05'),
(684, 33, 'Ahoada West', '2024-07-07 15:08:06', '2024-07-07 15:08:06'),
(685, 33, 'Akuku-Toru', '2024-07-07 15:08:06', '2024-07-07 15:08:06'),
(686, 33, 'Andoni', '2024-07-07 15:08:06', '2024-07-07 15:08:06'),
(687, 33, 'Asari-Toru', '2024-07-07 15:08:06', '2024-07-07 15:08:06'),
(688, 33, 'Bonny', '2024-07-07 15:08:06', '2024-07-07 15:08:06'),
(689, 33, 'Degema', '2024-07-07 15:08:06', '2024-07-07 15:08:06'),
(690, 33, 'Eleme', '2024-07-07 15:08:06', '2024-07-07 15:08:06'),
(691, 33, 'Emuoha', '2024-07-07 15:08:06', '2024-07-07 15:08:06'),
(692, 33, 'Etche', '2024-07-07 15:08:06', '2024-07-07 15:08:06'),
(693, 33, 'Gokana', '2024-07-07 15:08:06', '2024-07-07 15:08:06'),
(694, 33, 'Ikwerre', '2024-07-07 15:08:06', '2024-07-07 15:08:06'),
(695, 33, 'Khana', '2024-07-07 15:08:06', '2024-07-07 15:08:06'),
(696, 33, 'Obio/Akpor', '2024-07-07 15:08:06', '2024-07-07 15:08:06'),
(697, 33, 'Ogba/Egbema/Ndoni', '2024-07-07 15:08:06', '2024-07-07 15:08:06'),
(698, 33, 'Ogu/Bolo', '2024-07-07 15:08:06', '2024-07-07 15:08:06'),
(699, 33, 'Okrika', '2024-07-07 15:08:06', '2024-07-07 15:08:06'),
(700, 33, 'Omuma', '2024-07-07 15:08:06', '2024-07-07 15:08:06'),
(701, 33, 'Opobo/Nkoro', '2024-07-07 15:08:06', '2024-07-07 15:08:06'),
(702, 33, 'Oyigbo', '2024-07-07 15:08:06', '2024-07-07 15:08:06'),
(703, 33, 'Port Harcourt', '2024-07-07 15:08:07', '2024-07-07 15:08:07'),
(704, 33, 'Tai', '2024-07-07 15:08:07', '2024-07-07 15:08:07'),
(705, 34, 'Binji', '2024-07-07 15:08:07', '2024-07-07 15:08:07'),
(706, 34, 'Bodinga', '2024-07-07 15:08:07', '2024-07-07 15:08:07'),
(707, 34, 'Dange Shuni', '2024-07-07 15:08:07', '2024-07-07 15:08:07'),
(708, 34, 'Gada', '2024-07-07 15:08:07', '2024-07-07 15:08:07'),
(709, 34, 'Goronyo', '2024-07-07 15:08:07', '2024-07-07 15:08:07'),
(710, 34, 'Gudu', '2024-07-07 15:08:07', '2024-07-07 15:08:07'),
(711, 34, 'Gwadabawa', '2024-07-07 15:08:08', '2024-07-07 15:08:08'),
(712, 34, 'Illela', '2024-07-07 15:08:08', '2024-07-07 15:08:08'),
(713, 34, 'Isa', '2024-07-07 15:08:08', '2024-07-07 15:08:08'),
(714, 34, 'Kebbe', '2024-07-07 15:08:08', '2024-07-07 15:08:08'),
(715, 34, 'Kware', '2024-07-07 15:08:08', '2024-07-07 15:08:08'),
(716, 34, 'Rabah', '2024-07-07 15:08:08', '2024-07-07 15:08:08'),
(717, 34, 'Sabon Birni', '2024-07-07 15:08:08', '2024-07-07 15:08:08'),
(718, 34, 'Shagari', '2024-07-07 15:08:08', '2024-07-07 15:08:08'),
(719, 34, 'Silame', '2024-07-07 15:08:08', '2024-07-07 15:08:08'),
(720, 34, 'Sokoto North', '2024-07-07 15:08:08', '2024-07-07 15:08:08'),
(721, 34, 'Sokoto South', '2024-07-07 15:08:08', '2024-07-07 15:08:08'),
(722, 34, 'Tambuwal', '2024-07-07 15:08:08', '2024-07-07 15:08:08'),
(723, 34, 'Tangaza', '2024-07-07 15:08:08', '2024-07-07 15:08:08'),
(724, 34, 'Tureta', '2024-07-07 15:08:08', '2024-07-07 15:08:08'),
(725, 34, 'Wamako', '2024-07-07 15:08:08', '2024-07-07 15:08:08'),
(726, 34, 'Wurno', '2024-07-07 15:08:08', '2024-07-07 15:08:08'),
(727, 34, 'Yabo', '2024-07-07 15:08:09', '2024-07-07 15:08:09'),
(728, 35, 'Ardo Kola', '2024-07-07 15:08:09', '2024-07-07 15:08:09'),
(729, 35, 'Bali', '2024-07-07 15:08:09', '2024-07-07 15:08:09'),
(730, 35, 'Donga', '2024-07-07 15:08:09', '2024-07-07 15:08:09'),
(731, 35, 'Gashaka', '2024-07-07 15:08:09', '2024-07-07 15:08:09'),
(732, 35, 'Gassol', '2024-07-07 15:08:09', '2024-07-07 15:08:09'),
(733, 35, 'Ibi', '2024-07-07 15:08:09', '2024-07-07 15:08:09'),
(734, 35, 'Jalingo', '2024-07-07 15:08:09', '2024-07-07 15:08:09'),
(735, 35, 'Karim Lamido', '2024-07-07 15:08:09', '2024-07-07 15:08:09'),
(736, 35, 'Kumi', '2024-07-07 15:08:09', '2024-07-07 15:08:09'),
(737, 35, 'Lau', '2024-07-07 15:08:09', '2024-07-07 15:08:09'),
(738, 35, 'Sardauna', '2024-07-07 15:08:09', '2024-07-07 15:08:09'),
(739, 35, 'Takum', '2024-07-07 15:08:09', '2024-07-07 15:08:09'),
(740, 35, 'Ussa', '2024-07-07 15:08:09', '2024-07-07 15:08:09'),
(741, 35, 'Wukari', '2024-07-07 15:08:10', '2024-07-07 15:08:10'),
(742, 35, 'Yorro', '2024-07-07 15:08:10', '2024-07-07 15:08:10'),
(743, 35, 'Zing', '2024-07-07 15:08:10', '2024-07-07 15:08:10'),
(744, 36, 'Bade', '2024-07-07 15:08:10', '2024-07-07 15:08:10'),
(745, 36, 'Bursari', '2024-07-07 15:08:10', '2024-07-07 15:08:10'),
(746, 36, 'Damaturu', '2024-07-07 15:08:10', '2024-07-07 15:08:10'),
(747, 36, 'Fika', '2024-07-07 15:08:11', '2024-07-07 15:08:11'),
(748, 36, 'Fune', '2024-07-07 15:08:11', '2024-07-07 15:08:11'),
(749, 36, 'Geidam', '2024-07-07 15:08:11', '2024-07-07 15:08:11'),
(750, 36, 'Gujba', '2024-07-07 15:08:11', '2024-07-07 15:08:11'),
(751, 36, 'Gulani', '2024-07-07 15:08:11', '2024-07-07 15:08:11'),
(752, 36, 'Jakusko', '2024-07-07 15:08:11', '2024-07-07 15:08:11'),
(753, 36, 'Karasuwa', '2024-07-07 15:08:11', '2024-07-07 15:08:11');
INSERT INTO `lgas` (`id`, `state_id`, `name`, `created_at`, `updated_at`) VALUES
(754, 36, 'Machina', '2024-07-07 15:08:11', '2024-07-07 15:08:11'),
(755, 36, 'Nangere', '2024-07-07 15:08:11', '2024-07-07 15:08:11'),
(756, 36, 'Nguru', '2024-07-07 15:08:11', '2024-07-07 15:08:11'),
(757, 36, 'Potiskum', '2024-07-07 15:08:11', '2024-07-07 15:08:11'),
(758, 36, 'Tarmuwa', '2024-07-07 15:08:11', '2024-07-07 15:08:11'),
(759, 36, 'Yunusari', '2024-07-07 15:08:11', '2024-07-07 15:08:11'),
(760, 36, 'Yusufari', '2024-07-07 15:08:11', '2024-07-07 15:08:11'),
(761, 37, 'Anka', '2024-07-07 15:08:11', '2024-07-07 15:08:11'),
(762, 37, 'Bakura', '2024-07-07 15:08:11', '2024-07-07 15:08:11'),
(763, 37, 'Birnin Magaji/Kiyaw', '2024-07-07 15:08:11', '2024-07-07 15:08:11'),
(764, 37, 'Bukkuyum', '2024-07-07 15:08:12', '2024-07-07 15:08:12'),
(765, 37, 'Bungudu', '2024-07-07 15:08:12', '2024-07-07 15:08:12'),
(766, 37, 'Gummi', '2024-07-07 15:08:12', '2024-07-07 15:08:12'),
(767, 37, 'Gusau', '2024-07-07 15:08:12', '2024-07-07 15:08:12'),
(768, 37, 'Kaura Namoda', '2024-07-07 15:08:12', '2024-07-07 15:08:12'),
(769, 37, 'Maradun', '2024-07-07 15:08:12', '2024-07-07 15:08:12'),
(770, 37, 'Maru', '2024-07-07 15:08:12', '2024-07-07 15:08:12'),
(771, 37, 'Shinkafi', '2024-07-07 15:08:12', '2024-07-07 15:08:12'),
(772, 37, 'Talata Mafara', '2024-07-07 15:08:12', '2024-07-07 15:08:12'),
(773, 37, 'Chafe', '2024-07-07 15:08:12', '2024-07-07 15:08:12'),
(774, 37, 'Zurmi', '2024-07-07 15:08:12', '2024-07-07 15:08:12');

-- --------------------------------------------------------

--
-- Table structure for table `marks`
--

CREATE TABLE `marks` (
  `id` int(10) UNSIGNED NOT NULL,
  `student_id` int(10) UNSIGNED NOT NULL,
  `subject_id` int(10) UNSIGNED NOT NULL,
  `my_class_id` int(10) UNSIGNED NOT NULL,
  `section_id` int(10) UNSIGNED NOT NULL,
  `exam_id` int(10) UNSIGNED NOT NULL,
  `t1` int(11) DEFAULT NULL,
  `t2` int(11) DEFAULT NULL,
  `t3` int(11) DEFAULT NULL,
  `t4` int(11) DEFAULT NULL,
  `tca` int(11) DEFAULT NULL,
  `exm` int(11) DEFAULT NULL,
  `tex1` int(11) DEFAULT NULL,
  `tex2` int(11) DEFAULT NULL,
  `tex3` int(11) DEFAULT NULL,
  `sub_pos` tinyint(4) DEFAULT NULL,
  `cum` int(11) DEFAULT NULL,
  `cum_ave` varchar(255) COLLATE utf8mb4_unicode_ci DEFAULT NULL,
  `grade_id` int(10) UNSIGNED DEFAULT NULL,
  `year` varchar(255) COLLATE utf8mb4_unicode_ci NOT NULL,
  `created_at` timestamp NULL DEFAULT NULL,
  `updated_at` timestamp NULL DEFAULT NULL
) ENGINE=InnoDB DEFAULT CHARSET=utf8mb4 COLLATE=utf8mb4_unicode_ci;

--
-- Dumping data for table `marks`
--

INSERT INTO `marks` (`id`, `student_id`, `subject_id`, `my_class_id`, `section_id`, `exam_id`, `t1`, `t2`, `t3`, `t4`, `tca`, `exm`, `tex1`, `tex2`, `tex3`, `sub_pos`, `cum`, `cum_ave`, `grade_id`, `year`, `created_at`, `updated_at`) VALUES
(1, 69, 123, 18, 19, 1, 10, 20, NULL, NULL, 30, 40, 70, NULL, NULL, 1, NULL, NULL, 1, '2023-2024', '2024-07-08 06:51:07', '2024-07-08 06:51:24'),
(2, 69, 134, 18, 19, 1, 10, 10, NULL, NULL, 20, 60, 80, NULL, NULL, 1, NULL, NULL, 1, '2023-2024', '2024-07-08 06:51:37', '2024-07-08 06:51:53'),
(3, 69, 127, 18, 19, 1, 10, 20, NULL, NULL, 30, 50, 80, NULL, NULL, 1, NULL, NULL, 1, '2023-2024', '2024-07-08 06:51:57', '2024-07-08 06:54:13');

-- --------------------------------------------------------

--
-- Table structure for table `migrations`
--

CREATE TABLE `migrations` (
  `id` int(10) UNSIGNED NOT NULL,
  `migration` varchar(255) COLLATE utf8mb4_unicode_ci NOT NULL,
  `batch` int(11) NOT NULL
) ENGINE=InnoDB DEFAULT CHARSET=utf8mb4 COLLATE=utf8mb4_unicode_ci;

--
-- Dumping data for table `migrations`
--

INSERT INTO `migrations` (`id`, `migration`, `batch`) VALUES
(1, '2013_09_20_121733_create_blood_groups_table', 1),
(2, '2013_09_22_124750_create_states_table', 1),
(3, '2013_09_22_124806_create_lgas_table', 1),
(4, '2013_09_26_121148_create_nationalities_table', 1),
(5, '2014_10_12_000000_create_users_table', 1),
(6, '2014_10_12_100000_create_password_resets_table', 1),
(7, '2018_09_20_100249_create_user_types_table', 1),
(8, '2018_09_20_150906_create_class_types_table', 1),
(9, '2018_09_22_073005_create_my_classes_table', 1),
(10, '2018_09_22_073526_create_sections_table', 1),
(11, '2018_09_22_080555_create_settings_table', 1),
(12, '2018_09_22_081302_create_subjects_table', 1),
(13, '2018_09_22_151514_create_student_records_table', 1),
(14, '2018_09_26_124241_create_dorms_table', 1),
(15, '2018_10_04_224910_create_exams_table', 1),
(16, '2018_10_06_224846_create_marks_table', 1),
(17, '2018_10_06_224944_create_grades_table', 1),
(18, '2018_10_06_225007_create_pins_table', 1),
(19, '2018_10_18_205550_create_skills_table', 1),
(20, '2018_10_18_205842_create_exam_records_table', 1),
(21, '2018_10_31_191358_create_books_table', 1),
(22, '2018_10_31_192540_create_book_requests_table', 1),
(23, '2018_11_01_132115_create_staff_records_table', 1),
(24, '2018_11_03_210758_create_payments_table', 1),
(25, '2018_11_03_210817_create_payment_records_table', 1),
(26, '2018_11_06_083707_create_receipts_table', 1),
(27, '2018_11_27_180401_create_time_tables_table', 1),
(28, '2019_09_22_142514_create_fks', 1),
(29, '2019_09_26_132227_create_promotions_table', 1);

-- --------------------------------------------------------

--
-- Table structure for table `my_classes`
--

CREATE TABLE `my_classes` (
  `id` int(10) UNSIGNED NOT NULL,
  `name` varchar(100) COLLATE utf8mb4_unicode_ci NOT NULL,
  `class_type_id` int(10) UNSIGNED DEFAULT NULL,
  `created_at` timestamp NULL DEFAULT NULL,
  `updated_at` timestamp NULL DEFAULT NULL
) ENGINE=InnoDB DEFAULT CHARSET=utf8mb4 COLLATE=utf8mb4_unicode_ci;

--
-- Dumping data for table `my_classes`
--

INSERT INTO `my_classes` (`id`, `name`, `class_type_id`, `created_at`, `updated_at`) VALUES
(1, 'Nursery 1', 3, NULL, NULL),
(2, 'Nursery 2', 3, NULL, NULL),
(3, 'Nursery 3', 3, NULL, NULL),
(11, 'Primary 1', 4, '2024-07-07 16:38:36', '2024-07-07 16:38:36'),
(12, 'Primary 2', 4, '2024-07-07 16:39:49', '2024-07-07 16:39:49'),
(13, 'Primary 3', 4, '2024-07-07 17:01:10', '2024-07-07 17:01:10'),
(16, 'Primary 4', 4, '2024-07-07 17:02:06', '2024-07-07 17:02:06'),
(18, 'JSS 1', 5, '2024-07-07 17:26:46', '2024-07-07 17:26:46'),
(19, 'JSS 2', 5, '2024-07-07 17:29:20', '2024-07-07 17:29:20'),
(20, 'JSS 3', 5, '2024-07-07 17:55:09', '2024-07-07 17:55:09'),
(21, 'SSS 1', 6, '2024-07-07 17:58:20', '2024-07-07 17:58:20'),
(22, 'SSS 2', 6, '2024-07-07 17:58:42', '2024-07-07 17:58:42'),
(23, 'SSS 3', 6, '2024-07-07 17:58:50', '2024-07-07 17:58:50');

-- --------------------------------------------------------

--
-- Table structure for table `nationalities`
--

CREATE TABLE `nationalities` (
  `id` int(10) UNSIGNED NOT NULL,
  `name` varchar(255) COLLATE utf8mb4_unicode_ci NOT NULL,
  `created_at` timestamp NULL DEFAULT NULL,
  `updated_at` timestamp NULL DEFAULT NULL
) ENGINE=InnoDB DEFAULT CHARSET=utf8mb4 COLLATE=utf8mb4_unicode_ci;

--
-- Dumping data for table `nationalities`
--

INSERT INTO `nationalities` (`id`, `name`, `created_at`, `updated_at`) VALUES
(1, 'Afghan', '2024-07-06 21:35:37', '2024-07-06 21:35:37'),
(2, 'Albanian', '2024-07-06 21:35:37', '2024-07-06 21:35:37'),
(3, 'Algerian', '2024-07-06 21:35:37', '2024-07-06 21:35:37'),
(4, 'American', '2024-07-06 21:35:37', '2024-07-06 21:35:37'),
(5, 'Andorran', '2024-07-06 21:35:37', '2024-07-06 21:35:37'),
(6, 'Angolan', '2024-07-06 21:35:37', '2024-07-06 21:35:37'),
(7, 'Antiguans', '2024-07-06 21:35:37', '2024-07-06 21:35:37'),
(8, 'Argentinean', '2024-07-06 21:35:37', '2024-07-06 21:35:37'),
(9, 'Armenian', '2024-07-06 21:35:37', '2024-07-06 21:35:37'),
(10, 'Australian', '2024-07-06 21:35:37', '2024-07-06 21:35:37'),
(11, 'Austrian', '2024-07-06 21:35:37', '2024-07-06 21:35:37'),
(12, 'Azerbaijani', '2024-07-06 21:35:37', '2024-07-06 21:35:37'),
(13, 'Bahamian', '2024-07-06 21:35:37', '2024-07-06 21:35:37'),
(14, 'Bahraini', '2024-07-06 21:35:38', '2024-07-06 21:35:38'),
(15, 'Bangladeshi', '2024-07-06 21:35:38', '2024-07-06 21:35:38'),
(16, 'Barbadian', '2024-07-06 21:35:38', '2024-07-06 21:35:38'),
(17, 'Barbudans', '2024-07-06 21:35:38', '2024-07-06 21:35:38'),
(18, 'Batswana', '2024-07-06 21:35:38', '2024-07-06 21:35:38'),
(19, 'Belarusian', '2024-07-06 21:35:38', '2024-07-06 21:35:38'),
(20, 'Belgian', '2024-07-06 21:35:38', '2024-07-06 21:35:38'),
(21, 'Belizean', '2024-07-06 21:35:38', '2024-07-06 21:35:38'),
(22, 'Beninese', '2024-07-06 21:35:38', '2024-07-06 21:35:38'),
(23, 'Bhutanese', '2024-07-06 21:35:38', '2024-07-06 21:35:38'),
(24, 'Bolivian', '2024-07-06 21:35:38', '2024-07-06 21:35:38'),
(25, 'Bosnian', '2024-07-06 21:35:38', '2024-07-06 21:35:38'),
(26, 'Brazilian', '2024-07-06 21:35:38', '2024-07-06 21:35:38'),
(27, 'British', '2024-07-06 21:35:38', '2024-07-06 21:35:38'),
(28, 'Bruneian', '2024-07-06 21:35:38', '2024-07-06 21:35:38'),
(29, 'Bulgarian', '2024-07-06 21:35:38', '2024-07-06 21:35:38'),
(30, 'Burkinabe', '2024-07-06 21:35:38', '2024-07-06 21:35:38'),
(31, 'Burmese', '2024-07-06 21:35:38', '2024-07-06 21:35:38'),
(32, 'Burundian', '2024-07-06 21:35:38', '2024-07-06 21:35:38'),
(33, 'Cambodian', '2024-07-06 21:35:38', '2024-07-06 21:35:38'),
(34, 'Cameroonian', '2024-07-06 21:35:38', '2024-07-06 21:35:38'),
(35, 'Canadian', '2024-07-06 21:35:38', '2024-07-06 21:35:38'),
(36, 'Cape Verdean', '2024-07-06 21:35:38', '2024-07-06 21:35:38'),
(37, 'Central African', '2024-07-06 21:35:38', '2024-07-06 21:35:38'),
(38, 'Chadian', '2024-07-06 21:35:38', '2024-07-06 21:35:38'),
(39, 'Chilean', '2024-07-06 21:35:39', '2024-07-06 21:35:39'),
(40, 'Chinese', '2024-07-06 21:35:39', '2024-07-06 21:35:39'),
(41, 'Colombian', '2024-07-06 21:35:39', '2024-07-06 21:35:39'),
(42, 'Comoran', '2024-07-06 21:35:39', '2024-07-06 21:35:39'),
(43, 'Congolese', '2024-07-06 21:35:39', '2024-07-06 21:35:39'),
(44, 'Costa Rican', '2024-07-06 21:35:39', '2024-07-06 21:35:39'),
(45, 'Croatian', '2024-07-06 21:35:39', '2024-07-06 21:35:39'),
(46, 'Cuban', '2024-07-06 21:35:39', '2024-07-06 21:35:39'),
(47, 'Cypriot', '2024-07-06 21:35:39', '2024-07-06 21:35:39'),
(48, 'Czech', '2024-07-06 21:35:39', '2024-07-06 21:35:39'),
(49, 'Danish', '2024-07-06 21:35:39', '2024-07-06 21:35:39'),
(50, 'Djibouti', '2024-07-06 21:35:39', '2024-07-06 21:35:39'),
(51, 'Dominican', '2024-07-06 21:35:39', '2024-07-06 21:35:39'),
(52, 'Dutch', '2024-07-06 21:35:39', '2024-07-06 21:35:39'),
(53, 'East Timorese', '2024-07-06 21:35:39', '2024-07-06 21:35:39'),
(54, 'Ecuadorean', '2024-07-06 21:35:39', '2024-07-06 21:35:39'),
(55, 'Egyptian', '2024-07-06 21:35:39', '2024-07-06 21:35:39'),
(56, 'Emirian', '2024-07-06 21:35:39', '2024-07-06 21:35:39'),
(57, 'Equatorial Guinean', '2024-07-06 21:35:39', '2024-07-06 21:35:39'),
(58, 'Eritrean', '2024-07-06 21:35:39', '2024-07-06 21:35:39'),
(59, 'Estonian', '2024-07-06 21:35:39', '2024-07-06 21:35:39'),
(60, 'Ethiopian', '2024-07-06 21:35:39', '2024-07-06 21:35:39'),
(61, 'Fijian', '2024-07-06 21:35:39', '2024-07-06 21:35:39'),
(62, 'Filipino', '2024-07-06 21:35:39', '2024-07-06 21:35:39'),
(63, 'Finnish', '2024-07-06 21:35:40', '2024-07-06 21:35:40'),
(64, 'French', '2024-07-06 21:35:40', '2024-07-06 21:35:40'),
(65, 'Gabonese', '2024-07-06 21:35:40', '2024-07-06 21:35:40'),
(66, 'Gambian', '2024-07-06 21:35:40', '2024-07-06 21:35:40'),
(67, 'Georgian', '2024-07-06 21:35:40', '2024-07-06 21:35:40'),
(68, 'German', '2024-07-06 21:35:40', '2024-07-06 21:35:40'),
(69, 'Ghanaian', '2024-07-06 21:35:40', '2024-07-06 21:35:40'),
(70, 'Greek', '2024-07-06 21:35:40', '2024-07-06 21:35:40'),
(71, 'Grenadian', '2024-07-06 21:35:40', '2024-07-06 21:35:40'),
(72, 'Guatemalan', '2024-07-06 21:35:40', '2024-07-06 21:35:40'),
(73, 'Guinea-Bissauan', '2024-07-06 21:35:40', '2024-07-06 21:35:40'),
(74, 'Guinean', '2024-07-06 21:35:40', '2024-07-06 21:35:40'),
(75, 'Guyanese', '2024-07-06 21:35:40', '2024-07-06 21:35:40'),
(76, 'Haitian', '2024-07-06 21:35:41', '2024-07-06 21:35:41'),
(77, 'Herzegovinian', '2024-07-06 21:35:41', '2024-07-06 21:35:41'),
(78, 'Honduran', '2024-07-06 21:35:41', '2024-07-06 21:35:41'),
(79, 'Hungarian', '2024-07-06 21:35:41', '2024-07-06 21:35:41'),
(80, 'I-Kiribati', '2024-07-06 21:35:41', '2024-07-06 21:35:41'),
(81, 'Icelander', '2024-07-06 21:35:41', '2024-07-06 21:35:41'),
(82, 'Indian', '2024-07-06 21:35:41', '2024-07-06 21:35:41'),
(83, 'Indonesian', '2024-07-06 21:35:41', '2024-07-06 21:35:41'),
(84, 'Iranian', '2024-07-06 21:35:41', '2024-07-06 21:35:41'),
(85, 'Iraqi', '2024-07-06 21:35:41', '2024-07-06 21:35:41'),
(86, 'Irish', '2024-07-06 21:35:41', '2024-07-06 21:35:41'),
(87, 'Israeli', '2024-07-06 21:35:41', '2024-07-06 21:35:41'),
(88, 'Italian', '2024-07-06 21:35:42', '2024-07-06 21:35:42'),
(89, 'Ivorian', '2024-07-06 21:35:42', '2024-07-06 21:35:42'),
(90, 'Jamaican', '2024-07-06 21:35:42', '2024-07-06 21:35:42'),
(91, 'Japanese', '2024-07-06 21:35:42', '2024-07-06 21:35:42'),
(92, 'Jordanian', '2024-07-06 21:35:43', '2024-07-06 21:35:43'),
(93, 'Kazakhstani', '2024-07-06 21:35:43', '2024-07-06 21:35:43'),
(94, 'Kenyan', '2024-07-06 21:35:43', '2024-07-06 21:35:43'),
(95, 'Kittian and Nevisian', '2024-07-06 21:35:43', '2024-07-06 21:35:43'),
(96, 'Kuwaiti', '2024-07-06 21:35:43', '2024-07-06 21:35:43'),
(97, 'Kyrgyz', '2024-07-06 21:35:43', '2024-07-06 21:35:43'),
(98, 'Laotian', '2024-07-06 21:35:43', '2024-07-06 21:35:43'),
(99, 'Latvian', '2024-07-06 21:35:44', '2024-07-06 21:35:44'),
(100, 'Lebanese', '2024-07-06 21:35:44', '2024-07-06 21:35:44'),
(101, 'Liberian', '2024-07-06 21:35:44', '2024-07-06 21:35:44'),
(102, 'Libyan', '2024-07-06 21:35:44', '2024-07-06 21:35:44'),
(103, 'Liechtensteiner', '2024-07-06 21:35:44', '2024-07-06 21:35:44'),
(104, 'Lithuanian', '2024-07-06 21:35:44', '2024-07-06 21:35:44'),
(105, 'Luxembourger', '2024-07-06 21:35:44', '2024-07-06 21:35:44'),
(106, 'Macedonian', '2024-07-06 21:35:44', '2024-07-06 21:35:44'),
(107, 'Malagasy', '2024-07-06 21:35:44', '2024-07-06 21:35:44'),
(108, 'Malawian', '2024-07-06 21:35:45', '2024-07-06 21:35:45'),
(109, 'Malaysian', '2024-07-06 21:35:45', '2024-07-06 21:35:45'),
(110, 'Maldivan', '2024-07-06 21:35:45', '2024-07-06 21:35:45'),
(111, 'Malian', '2024-07-06 21:35:45', '2024-07-06 21:35:45'),
(112, 'Maltese', '2024-07-06 21:35:45', '2024-07-06 21:35:45'),
(113, 'Marshallese', '2024-07-06 21:35:45', '2024-07-06 21:35:45'),
(114, 'Mauritanian', '2024-07-06 21:35:45', '2024-07-06 21:35:45'),
(115, 'Mauritian', '2024-07-06 21:35:45', '2024-07-06 21:35:45'),
(116, 'Mexican', '2024-07-06 21:35:45', '2024-07-06 21:35:45'),
(117, 'Micronesian', '2024-07-06 21:35:45', '2024-07-06 21:35:45'),
(118, 'Moldovan', '2024-07-06 21:35:46', '2024-07-06 21:35:46'),
(119, 'Monacan', '2024-07-06 21:35:46', '2024-07-06 21:35:46'),
(120, 'Mongolian', '2024-07-06 21:35:46', '2024-07-06 21:35:46'),
(121, 'Moroccan', '2024-07-06 21:35:46', '2024-07-06 21:35:46'),
(122, 'Mosotho', '2024-07-06 21:35:46', '2024-07-06 21:35:46'),
(123, 'Motswana', '2024-07-06 21:35:46', '2024-07-06 21:35:46'),
(124, 'Mozambican', '2024-07-06 21:35:46', '2024-07-06 21:35:46'),
(125, 'Namibian', '2024-07-06 21:35:46', '2024-07-06 21:35:46'),
(126, 'Nauruan', '2024-07-06 21:35:46', '2024-07-06 21:35:46'),
(127, 'Nepalese', '2024-07-06 21:35:47', '2024-07-06 21:35:47'),
(128, 'New Zealander', '2024-07-06 21:35:47', '2024-07-06 21:35:47'),
(129, 'Nicaraguan', '2024-07-06 21:35:47', '2024-07-06 21:35:47'),
(130, 'Nigerian', '2024-07-06 21:35:47', '2024-07-06 21:35:47'),
(131, 'Nigerien', '2024-07-06 21:35:47', '2024-07-06 21:35:47'),
(132, 'North Korean', '2024-07-06 21:35:48', '2024-07-06 21:35:48'),
(133, 'Northern Irish', '2024-07-06 21:35:49', '2024-07-06 21:35:49'),
(134, 'Norwegian', '2024-07-06 21:35:49', '2024-07-06 21:35:49'),
(135, 'Omani', '2024-07-06 21:35:49', '2024-07-06 21:35:49'),
(136, 'Pakistani', '2024-07-06 21:35:49', '2024-07-06 21:35:49'),
(137, 'Palauan', '2024-07-06 21:35:49', '2024-07-06 21:35:49'),
(138, 'Panamanian', '2024-07-06 21:35:49', '2024-07-06 21:35:49'),
(139, 'Papua New Guinean', '2024-07-06 21:35:49', '2024-07-06 21:35:49'),
(140, 'Paraguayan', '2024-07-06 21:35:49', '2024-07-06 21:35:49'),
(141, 'Peruvian', '2024-07-06 21:35:49', '2024-07-06 21:35:49'),
(142, 'Polish', '2024-07-06 21:35:49', '2024-07-06 21:35:49'),
(143, 'Portuguese', '2024-07-06 21:35:49', '2024-07-06 21:35:49'),
(144, 'Qatari', '2024-07-06 21:35:50', '2024-07-06 21:35:50'),
(145, 'Romanian', '2024-07-06 21:35:50', '2024-07-06 21:35:50'),
(146, 'Russian', '2024-07-06 21:35:50', '2024-07-06 21:35:50'),
(147, 'Rwandan', '2024-07-06 21:35:50', '2024-07-06 21:35:50'),
(148, 'Saint Lucian', '2024-07-06 21:35:50', '2024-07-06 21:35:50'),
(149, 'Salvadoran', '2024-07-06 21:35:50', '2024-07-06 21:35:50'),
(150, 'Samoan', '2024-07-06 21:35:50', '2024-07-06 21:35:50'),
(151, 'San Marinese', '2024-07-06 21:35:50', '2024-07-06 21:35:50'),
(152, 'Sao Tomean', '2024-07-06 21:35:50', '2024-07-06 21:35:50'),
(153, 'Saudi', '2024-07-06 21:35:50', '2024-07-06 21:35:50'),
(154, 'Scottish', '2024-07-06 21:35:51', '2024-07-06 21:35:51'),
(155, 'Senegalese', '2024-07-06 21:35:51', '2024-07-06 21:35:51'),
(156, 'Serbian', '2024-07-06 21:35:51', '2024-07-06 21:35:51'),
(157, 'Seychellois', '2024-07-06 21:35:51', '2024-07-06 21:35:51'),
(158, 'Sierra Leonean', '2024-07-06 21:35:52', '2024-07-06 21:35:52'),
(159, 'Singaporean', '2024-07-06 21:35:52', '2024-07-06 21:35:52'),
(160, 'Slovakian', '2024-07-06 21:35:52', '2024-07-06 21:35:52'),
(161, 'Slovenian', '2024-07-06 21:35:52', '2024-07-06 21:35:52'),
(162, 'Solomon Islander', '2024-07-06 21:35:53', '2024-07-06 21:35:53'),
(163, 'Somali', '2024-07-06 21:35:53', '2024-07-06 21:35:53'),
(164, 'South African', '2024-07-06 21:35:53', '2024-07-06 21:35:53'),
(165, 'South Korean', '2024-07-06 21:35:53', '2024-07-06 21:35:53'),
(166, 'Spanish', '2024-07-06 21:35:53', '2024-07-06 21:35:53'),
(167, 'Sri Lankan', '2024-07-06 21:35:53', '2024-07-06 21:35:53'),
(168, 'Sudanese', '2024-07-06 21:35:54', '2024-07-06 21:35:54'),
(169, 'Surinamer', '2024-07-06 21:35:54', '2024-07-06 21:35:54'),
(170, 'Swazi', '2024-07-06 21:35:54', '2024-07-06 21:35:54'),
(171, 'Swedish', '2024-07-06 21:35:54', '2024-07-06 21:35:54'),
(172, 'Swiss', '2024-07-06 21:35:54', '2024-07-06 21:35:54'),
(173, 'Syrian', '2024-07-06 21:35:55', '2024-07-06 21:35:55'),
(174, 'Taiwanese', '2024-07-06 21:35:55', '2024-07-06 21:35:55'),
(175, 'Tajik', '2024-07-06 21:35:55', '2024-07-06 21:35:55'),
(176, 'Tanzanian', '2024-07-06 21:35:55', '2024-07-06 21:35:55'),
(177, 'Thai', '2024-07-06 21:35:55', '2024-07-06 21:35:55'),
(178, 'Togolese', '2024-07-06 21:35:55', '2024-07-06 21:35:55'),
(179, 'Tongan', '2024-07-06 21:35:55', '2024-07-06 21:35:55'),
(180, 'Trinidadian/Tobagonian', '2024-07-06 21:35:55', '2024-07-06 21:35:55'),
(181, 'Tunisian', '2024-07-06 21:35:55', '2024-07-06 21:35:55'),
(182, 'Turkish', '2024-07-06 21:35:55', '2024-07-06 21:35:55'),
(183, 'Tuvaluan', '2024-07-06 21:35:55', '2024-07-06 21:35:55'),
(184, 'Ugandan', '2024-07-06 21:35:56', '2024-07-06 21:35:56'),
(185, 'Ukrainian', '2024-07-06 21:35:56', '2024-07-06 21:35:56'),
(186, 'Uruguayan', '2024-07-06 21:35:57', '2024-07-06 21:35:57'),
(187, 'Uzbekistani', '2024-07-06 21:35:57', '2024-07-06 21:35:57'),
(188, 'Venezuelan', '2024-07-06 21:35:57', '2024-07-06 21:35:57'),
(189, 'Vietnamese', '2024-07-06 21:35:57', '2024-07-06 21:35:57'),
(190, 'Welsh', '2024-07-06 21:35:57', '2024-07-06 21:35:57'),
(191, 'Yemenite', '2024-07-06 21:35:57', '2024-07-06 21:35:57'),
(192, 'Zambian', '2024-07-06 21:35:57', '2024-07-06 21:35:57'),
(193, 'Zimbabwean', '2024-07-06 21:35:57', '2024-07-06 21:35:57');

-- --------------------------------------------------------

--
-- Table structure for table `password_resets`
--

CREATE TABLE `password_resets` (
  `email` varchar(100) COLLATE utf8mb4_unicode_ci NOT NULL,
  `token` varchar(255) COLLATE utf8mb4_unicode_ci NOT NULL,
  `created_at` timestamp NULL DEFAULT NULL
) ENGINE=InnoDB DEFAULT CHARSET=utf8mb4 COLLATE=utf8mb4_unicode_ci;

-- --------------------------------------------------------

--
-- Table structure for table `payments`
--

CREATE TABLE `payments` (
  `id` int(10) UNSIGNED NOT NULL,
  `title` varchar(100) COLLATE utf8mb4_unicode_ci NOT NULL,
  `amount` int(11) NOT NULL,
  `ref_no` varchar(100) COLLATE utf8mb4_unicode_ci NOT NULL,
  `method` varchar(100) COLLATE utf8mb4_unicode_ci NOT NULL DEFAULT 'cash',
  `my_class_id` int(10) UNSIGNED DEFAULT NULL,
  `description` varchar(255) COLLATE utf8mb4_unicode_ci DEFAULT NULL,
  `year` varchar(255) COLLATE utf8mb4_unicode_ci NOT NULL,
  `created_at` timestamp NULL DEFAULT NULL,
  `updated_at` timestamp NULL DEFAULT NULL
) ENGINE=InnoDB DEFAULT CHARSET=utf8mb4 COLLATE=utf8mb4_unicode_ci;

-- --------------------------------------------------------

--
-- Table structure for table `payment_records`
--

CREATE TABLE `payment_records` (
  `id` int(10) UNSIGNED NOT NULL,
  `payment_id` int(10) UNSIGNED NOT NULL,
  `student_id` int(10) UNSIGNED NOT NULL,
  `ref_no` varchar(100) COLLATE utf8mb4_unicode_ci DEFAULT NULL,
  `amt_paid` int(11) DEFAULT NULL,
  `balance` int(11) DEFAULT NULL,
  `paid` tinyint(4) NOT NULL DEFAULT '0',
  `year` varchar(255) COLLATE utf8mb4_unicode_ci NOT NULL,
  `created_at` timestamp NULL DEFAULT NULL,
  `updated_at` timestamp NULL DEFAULT NULL
) ENGINE=InnoDB DEFAULT CHARSET=utf8mb4 COLLATE=utf8mb4_unicode_ci;

-- --------------------------------------------------------

--
-- Table structure for table `pins`
--

CREATE TABLE `pins` (
  `id` int(10) UNSIGNED NOT NULL,
  `code` varchar(40) COLLATE utf8mb4_unicode_ci NOT NULL,
  `used` varchar(255) COLLATE utf8mb4_unicode_ci NOT NULL DEFAULT '0',
  `times_used` varchar(255) COLLATE utf8mb4_unicode_ci NOT NULL DEFAULT '0',
  `user_id` int(10) UNSIGNED DEFAULT NULL,
  `student_id` int(10) UNSIGNED DEFAULT NULL,
  `created_at` timestamp NULL DEFAULT NULL,
  `updated_at` timestamp NULL DEFAULT NULL
) ENGINE=InnoDB DEFAULT CHARSET=utf8mb4 COLLATE=utf8mb4_unicode_ci;

-- --------------------------------------------------------

--
-- Table structure for table `promotions`
--

CREATE TABLE `promotions` (
  `id` int(10) UNSIGNED NOT NULL,
  `student_id` int(10) UNSIGNED NOT NULL,
  `from_class` int(10) UNSIGNED NOT NULL,
  `from_section` int(10) UNSIGNED NOT NULL,
  `to_class` int(10) UNSIGNED NOT NULL,
  `to_section` int(10) UNSIGNED NOT NULL,
  `grad` tinyint(4) NOT NULL,
  `from_session` varchar(255) COLLATE utf8mb4_unicode_ci NOT NULL,
  `to_session` varchar(255) COLLATE utf8mb4_unicode_ci NOT NULL,
  `status` varchar(255) COLLATE utf8mb4_unicode_ci NOT NULL,
  `created_at` timestamp NULL DEFAULT NULL,
  `updated_at` timestamp NULL DEFAULT NULL
) ENGINE=InnoDB DEFAULT CHARSET=utf8mb4 COLLATE=utf8mb4_unicode_ci;

-- --------------------------------------------------------

--
-- Table structure for table `receipts`
--

CREATE TABLE `receipts` (
  `id` int(10) UNSIGNED NOT NULL,
  `pr_id` int(10) UNSIGNED NOT NULL,
  `amt_paid` int(11) NOT NULL,
  `balance` int(11) NOT NULL,
  `year` varchar(255) COLLATE utf8mb4_unicode_ci NOT NULL,
  `created_at` timestamp NULL DEFAULT NULL,
  `updated_at` timestamp NULL DEFAULT NULL
) ENGINE=InnoDB DEFAULT CHARSET=utf8mb4 COLLATE=utf8mb4_unicode_ci;

-- --------------------------------------------------------

--
-- Table structure for table `sections`
--

CREATE TABLE `sections` (
  `id` int(10) UNSIGNED NOT NULL,
  `name` varchar(100) COLLATE utf8mb4_unicode_ci NOT NULL,
  `my_class_id` int(10) UNSIGNED NOT NULL,
  `teacher_id` int(10) UNSIGNED DEFAULT NULL,
  `active` tinyint(4) NOT NULL DEFAULT '0',
  `created_at` timestamp NULL DEFAULT NULL,
  `updated_at` timestamp NULL DEFAULT NULL
) ENGINE=InnoDB DEFAULT CHARSET=utf8mb4 COLLATE=utf8mb4_unicode_ci;

--
-- Dumping data for table `sections`
--

INSERT INTO `sections` (`id`, `name`, `my_class_id`, `teacher_id`, `active`, `created_at`, `updated_at`) VALUES
(1, 'Gold', 1, NULL, 1, NULL, NULL),
(2, 'Diamond', 1, NULL, 0, NULL, NULL),
(3, 'Silver', 2, NULL, 1, NULL, NULL),
(4, 'Lemon', 2, NULL, 0, NULL, NULL),
(5, 'Bronze', 3, NULL, 1, NULL, NULL),
(13, 'A', 11, NULL, 1, '2024-07-07 16:38:36', '2024-07-07 16:38:36'),
(14, 'A', 12, NULL, 1, '2024-07-07 16:39:49', '2024-07-07 16:39:49'),
(15, 'A', 13, NULL, 1, '2024-07-07 17:01:10', '2024-07-07 17:01:10'),
(17, 'A', 16, NULL, 1, '2024-07-07 17:02:06', '2024-07-07 17:02:06'),
(19, 'A', 18, NULL, 1, '2024-07-07 17:26:46', '2024-07-07 17:26:46'),
(20, 'A', 19, NULL, 1, '2024-07-07 17:29:20', '2024-07-07 17:29:20'),
(21, 'A', 20, NULL, 1, '2024-07-07 17:55:09', '2024-07-07 17:55:09'),
(22, 'A', 21, NULL, 1, '2024-07-07 17:58:20', '2024-07-07 17:58:20'),
(23, 'A', 22, NULL, 1, '2024-07-07 17:58:42', '2024-07-07 17:58:42'),
(24, 'A', 23, NULL, 1, '2024-07-07 17:58:50', '2024-07-07 17:58:50');

-- --------------------------------------------------------

--
-- Table structure for table `settings`
--

CREATE TABLE `settings` (
  `id` int(10) UNSIGNED NOT NULL,
  `type` varchar(255) COLLATE utf8mb4_unicode_ci NOT NULL,
  `description` varchar(255) COLLATE utf8mb4_unicode_ci DEFAULT NULL,
  `created_at` timestamp NULL DEFAULT NULL,
  `updated_at` timestamp NULL DEFAULT NULL
) ENGINE=InnoDB DEFAULT CHARSET=utf8mb4 COLLATE=utf8mb4_unicode_ci;

--
-- Dumping data for table `settings`
--

INSERT INTO `settings` (`id`, `type`, `description`, `created_at`, `updated_at`) VALUES
(1, 'current_session', '2023-2024', NULL, '2024-07-07 15:58:20'),
(2, 'system_title', 'STGS', NULL, '2024-07-07 15:58:20'),
(3, 'system_name', 'Smart Thinkers Group of Schools', NULL, '2024-07-07 15:58:20'),
(4, 'term_ends', '7/10/2018', NULL, '2024-07-07 15:58:20'),
(5, 'term_begins', '7/10/2018', NULL, '2024-07-07 15:58:21'),
(6, 'phone', '0123456789', NULL, '2024-07-07 15:58:20'),
(7, 'address', '18B North Central Park, Behind Central Square Tourist Center', NULL, '2024-07-07 15:58:20'),
(8, 'system_email', 'info@smartthinkersgroupofschools.com.ng', NULL, '2024-07-07 15:58:20'),
(9, 'alt_email', '', NULL, NULL),
(10, 'email_host', '', NULL, NULL),
(11, 'email_pass', '', NULL, NULL),
(12, 'lock_exam', '0', NULL, '2024-07-07 15:58:21'),
(13, 'logo', 'http://127.0.0.1:8000/storage/uploads//logo.png', NULL, '2024-07-07 15:58:22'),
(14, 'next_term_fees_j', '20000', NULL, '2024-07-07 15:58:21'),
(15, 'next_term_fees_pn', '25000', NULL, '2024-07-07 15:58:21'),
(16, 'next_term_fees_p', '25000', NULL, '2024-07-07 15:58:21'),
(17, 'next_term_fees_n', '25600', NULL, '2024-07-07 15:58:21'),
(18, 'next_term_fees_s', '15600', NULL, '2024-07-07 15:58:21'),
(19, 'next_term_fees_c', '1600', NULL, '2024-07-07 15:58:21');

-- --------------------------------------------------------

--
-- Table structure for table `skills`
--

CREATE TABLE `skills` (
  `id` int(10) UNSIGNED NOT NULL,
  `name` varchar(255) COLLATE utf8mb4_unicode_ci NOT NULL,
  `skill_type` varchar(255) COLLATE utf8mb4_unicode_ci NOT NULL,
  `class_type` varchar(255) COLLATE utf8mb4_unicode_ci DEFAULT NULL,
  `created_at` timestamp NULL DEFAULT NULL,
  `updated_at` timestamp NULL DEFAULT NULL
) ENGINE=InnoDB DEFAULT CHARSET=utf8mb4 COLLATE=utf8mb4_unicode_ci;

--
-- Dumping data for table `skills`
--

INSERT INTO `skills` (`id`, `name`, `skill_type`, `class_type`, `created_at`, `updated_at`) VALUES
(1, 'PUNCTUALITY', 'AF', NULL, NULL, NULL),
(2, 'NEATNESS', 'AF', NULL, NULL, NULL),
(3, 'HONESTY', 'AF', NULL, NULL, NULL),
(4, 'RELIABILITY', 'AF', NULL, NULL, NULL),
(5, 'RELATIONSHIP WITH OTHERS', 'AF', NULL, NULL, NULL),
(6, 'POLITENESS', 'AF', NULL, NULL, NULL),
(7, 'ALERTNESS', 'AF', NULL, NULL, NULL),
(8, 'HANDWRITING', 'PS', NULL, NULL, NULL),
(9, 'GAMES & SPORTS', 'PS', NULL, NULL, NULL),
(10, 'DRAWING & ARTS', 'PS', NULL, NULL, NULL),
(11, 'PAINTING', 'PS', NULL, NULL, NULL),
(12, 'CONSTRUCTION', 'PS', NULL, NULL, NULL),
(13, 'MUSICAL SKILLS', 'PS', NULL, NULL, NULL),
(14, 'FLEXIBILITY', 'PS', NULL, NULL, NULL);

-- --------------------------------------------------------

--
-- Table structure for table `staff_records`
--

CREATE TABLE `staff_records` (
  `id` int(10) UNSIGNED NOT NULL,
  `user_id` int(10) UNSIGNED NOT NULL,
  `code` varchar(100) COLLATE utf8mb4_unicode_ci DEFAULT NULL,
  `emp_date` varchar(255) COLLATE utf8mb4_unicode_ci DEFAULT NULL,
  `created_at` timestamp NULL DEFAULT NULL,
  `updated_at` timestamp NULL DEFAULT NULL
) ENGINE=InnoDB DEFAULT CHARSET=utf8mb4 COLLATE=utf8mb4_unicode_ci;

--
-- Dumping data for table `staff_records`
--

INSERT INTO `staff_records` (`id`, `user_id`, `code`, `emp_date`, `created_at`, `updated_at`) VALUES
(1, 55, 'STGS/STAFF/2024/07/4872', '07/01/2024', '2024-07-07 15:56:59', '2024-07-07 15:56:59'),
(2, 58, 'STGS/STAFF/2024/07/9718', '07/07/2024', '2024-07-07 16:20:53', '2024-07-07 16:20:53'),
(3, 59, 'STGS/STAFF/2024/07/8649', '07/07/2024', '2024-07-07 16:31:54', '2024-07-07 16:31:54'),
(4, 60, 'STGS/STAFF/2024/07/3416', '07/07/2024', '2024-07-07 16:33:24', '2024-07-07 16:33:24'),
(5, 61, 'STGS/STAFF/2024/07/5216', '07/07/2024', '2024-07-07 17:07:41', '2024-07-07 17:07:41'),
(6, 62, 'STGS/STAFF/2024/07/2423', '07/07/2024', '2024-07-07 17:34:42', '2024-07-07 17:34:42'),
(7, 63, 'STGS/STAFF/2024/07/2158', '07/07/2024', '2024-07-07 17:36:42', '2024-07-07 17:36:42'),
(8, 64, 'STGS/STAFF/2024/07/1958', '07/07/2024', '2024-07-07 17:38:01', '2024-07-07 17:38:01'),
(9, 65, 'STGS/STAFF/2024/07/4844', '07/07/2024', '2024-07-07 17:41:24', '2024-07-07 17:41:24'),
(10, 66, 'STGS/STAFF/2024/07/7570', '07/07/2024', '2024-07-07 17:43:51', '2024-07-07 17:43:51'),
(11, 67, 'STGS/STAFF/2024/07/1422', '07/07/2024', '2024-07-07 17:51:00', '2024-07-07 17:51:00');

-- --------------------------------------------------------

--
-- Table structure for table `states`
--

CREATE TABLE `states` (
  `id` int(10) UNSIGNED NOT NULL,
  `name` varchar(255) COLLATE utf8mb4_unicode_ci NOT NULL,
  `created_at` timestamp NULL DEFAULT NULL,
  `updated_at` timestamp NULL DEFAULT NULL
) ENGINE=InnoDB DEFAULT CHARSET=utf8mb4 COLLATE=utf8mb4_unicode_ci;

--
-- Dumping data for table `states`
--

INSERT INTO `states` (`id`, `name`, `created_at`, `updated_at`) VALUES
(1, 'Abia', '2024-07-06 21:35:58', '2024-07-06 21:35:58'),
(2, 'Adamawa', '2024-07-06 21:35:58', '2024-07-06 21:35:58'),
(3, 'Akwa Ibom', '2024-07-06 21:35:58', '2024-07-06 21:35:58'),
(4, 'Anambra', '2024-07-06 21:35:59', '2024-07-06 21:35:59'),
(5, 'Bauchi', '2024-07-06 21:35:59', '2024-07-06 21:35:59'),
(6, 'Bayelsa', '2024-07-06 21:35:59', '2024-07-06 21:35:59'),
(7, 'Benue', '2024-07-06 21:36:00', '2024-07-06 21:36:00'),
(8, 'Borno', '2024-07-06 21:36:00', '2024-07-06 21:36:00'),
(9, 'Cross River', '2024-07-06 21:36:00', '2024-07-06 21:36:00'),
(10, 'Delta', '2024-07-06 21:36:00', '2024-07-06 21:36:00'),
(11, 'Ebonyi', '2024-07-06 21:36:01', '2024-07-06 21:36:01'),
(12, 'Edo', '2024-07-06 21:36:01', '2024-07-06 21:36:01'),
(13, 'Ekiti', '2024-07-06 21:36:01', '2024-07-06 21:36:01'),
(14, 'Enugu', '2024-07-06 21:36:01', '2024-07-06 21:36:01'),
(15, 'FCT', '2024-07-06 21:36:01', '2024-07-06 21:36:01'),
(16, 'Gombe', '2024-07-06 21:36:02', '2024-07-06 21:36:02'),
(17, 'Imo', '2024-07-06 21:36:02', '2024-07-06 21:36:02'),
(18, 'Jigawa', '2024-07-06 21:36:02', '2024-07-06 21:36:02'),
(19, 'Kaduna', '2024-07-06 21:36:02', '2024-07-06 21:36:02'),
(20, 'Kano', '2024-07-06 21:36:02', '2024-07-06 21:36:02'),
(21, 'Katsina', '2024-07-06 21:36:02', '2024-07-06 21:36:02'),
(22, 'Kebbi', '2024-07-06 21:36:02', '2024-07-06 21:36:02'),
(23, 'Kogi', '2024-07-06 21:36:03', '2024-07-06 21:36:03'),
(24, 'Kwara', '2024-07-06 21:36:03', '2024-07-06 21:36:03'),
(25, 'Lagos', '2024-07-06 21:36:03', '2024-07-06 21:36:03'),
(26, 'Nasarawa', '2024-07-06 21:36:03', '2024-07-06 21:36:03'),
(27, 'Niger', '2024-07-06 21:36:03', '2024-07-06 21:36:03'),
(28, 'Ogun', '2024-07-06 21:36:03', '2024-07-06 21:36:03'),
(29, 'Ondo', '2024-07-06 21:36:04', '2024-07-06 21:36:04'),
(30, 'Osun', '2024-07-06 21:36:04', '2024-07-06 21:36:04'),
(31, 'Oyo', '2024-07-06 21:36:04', '2024-07-06 21:36:04'),
(32, 'Plateau', '2024-07-06 21:36:04', '2024-07-06 21:36:04'),
(33, 'Rivers', '2024-07-06 21:36:05', '2024-07-06 21:36:05'),
(34, 'Sokoto', '2024-07-06 21:36:05', '2024-07-06 21:36:05'),
(35, 'Taraba', '2024-07-06 21:36:06', '2024-07-06 21:36:06'),
(36, 'Yobe', '2024-07-06 21:36:06', '2024-07-06 21:36:06'),
(37, 'Zamfara', '2024-07-06 21:36:06', '2024-07-06 21:36:06');

-- --------------------------------------------------------

--
-- Table structure for table `student_records`
--

CREATE TABLE `student_records` (
  `id` int(10) UNSIGNED NOT NULL,
  `user_id` int(10) UNSIGNED NOT NULL,
  `my_class_id` int(10) UNSIGNED NOT NULL,
  `section_id` int(10) UNSIGNED NOT NULL,
  `adm_no` varchar(30) COLLATE utf8mb4_unicode_ci DEFAULT NULL,
  `my_parent_id` int(10) UNSIGNED DEFAULT NULL,
  `dorm_id` int(10) UNSIGNED DEFAULT NULL,
  `dorm_room_no` varchar(255) COLLATE utf8mb4_unicode_ci DEFAULT NULL,
  `session` varchar(255) COLLATE utf8mb4_unicode_ci NOT NULL,
  `house` varchar(255) COLLATE utf8mb4_unicode_ci DEFAULT NULL,
  `age` tinyint(4) DEFAULT NULL,
  `year_admitted` varchar(255) COLLATE utf8mb4_unicode_ci DEFAULT NULL,
  `grad` tinyint(4) NOT NULL DEFAULT '0',
  `grad_date` varchar(255) COLLATE utf8mb4_unicode_ci DEFAULT NULL,
  `created_at` timestamp NULL DEFAULT NULL,
  `updated_at` timestamp NULL DEFAULT NULL
) ENGINE=InnoDB DEFAULT CHARSET=utf8mb4 COLLATE=utf8mb4_unicode_ci;

--
-- Dumping data for table `student_records`
--

INSERT INTO `student_records` (`id`, `user_id`, `my_class_id`, `section_id`, `adm_no`, `my_parent_id`, `dorm_id`, `dorm_room_no`, `session`, `house`, `age`, `year_admitted`, `grad`, `grad_date`, `created_at`, `updated_at`) VALUES
(1, 18, 1, 1, NULL, NULL, NULL, NULL, '2018-2019', NULL, NULL, NULL, 0, NULL, '2024-07-07 15:08:20', '2024-07-07 15:08:20'),
(2, 19, 1, 1, NULL, NULL, NULL, NULL, '2018-2019', NULL, NULL, NULL, 0, NULL, '2024-07-07 15:08:21', '2024-07-07 15:08:21'),
(3, 20, 1, 1, NULL, NULL, NULL, NULL, '2018-2019', NULL, NULL, NULL, 0, NULL, '2024-07-07 15:08:21', '2024-07-07 15:08:21'),
(4, 21, 1, 1, NULL, NULL, NULL, NULL, '2018-2019', NULL, NULL, NULL, 0, NULL, '2024-07-07 15:08:22', '2024-07-07 15:08:22'),
(5, 22, 1, 2, NULL, NULL, NULL, NULL, '2018-2019', NULL, NULL, NULL, 0, NULL, '2024-07-07 15:08:22', '2024-07-07 15:08:22'),
(6, 23, 1, 2, NULL, NULL, NULL, NULL, '2018-2019', NULL, NULL, NULL, 0, NULL, '2024-07-07 15:08:22', '2024-07-07 15:08:22'),
(7, 24, 1, 2, NULL, NULL, NULL, NULL, '2018-2019', NULL, NULL, NULL, 0, NULL, '2024-07-07 15:08:22', '2024-07-07 15:08:22'),
(8, 25, 2, 3, NULL, NULL, NULL, NULL, '2018-2019', NULL, NULL, NULL, 0, NULL, '2024-07-07 15:08:23', '2024-07-07 15:08:23'),
(9, 26, 2, 3, NULL, NULL, NULL, NULL, '2018-2019', NULL, NULL, NULL, 0, NULL, '2024-07-07 15:08:23', '2024-07-07 15:08:23'),
(10, 27, 2, 3, NULL, NULL, NULL, NULL, '2018-2019', NULL, NULL, NULL, 0, NULL, '2024-07-07 15:08:23', '2024-07-07 15:08:23'),
(11, 28, 2, 4, NULL, NULL, NULL, NULL, '2018-2019', NULL, NULL, NULL, 0, NULL, '2024-07-07 15:08:24', '2024-07-07 15:08:24'),
(12, 29, 2, 4, NULL, NULL, NULL, NULL, '2018-2019', NULL, NULL, NULL, 0, NULL, '2024-07-07 15:08:24', '2024-07-07 15:08:24'),
(13, 30, 2, 4, NULL, NULL, NULL, NULL, '2018-2019', NULL, NULL, NULL, 0, NULL, '2024-07-07 15:08:24', '2024-07-07 15:08:24'),
(14, 31, 3, 5, NULL, NULL, NULL, NULL, '2018-2019', NULL, NULL, NULL, 0, NULL, '2024-07-07 15:08:25', '2024-07-07 15:08:25'),
(15, 32, 3, 5, NULL, NULL, NULL, NULL, '2018-2019', NULL, NULL, NULL, 0, NULL, '2024-07-07 15:08:25', '2024-07-07 15:08:25'),
(16, 33, 3, 5, NULL, NULL, NULL, NULL, '2018-2019', NULL, NULL, NULL, 0, NULL, '2024-07-07 15:08:25', '2024-07-07 15:08:25'),
(38, 69, 18, 19, 'STGS/J/2024/24001', 9, NULL, NULL, '2023-2024', NULL, NULL, '2024', 0, NULL, '2024-07-08 05:56:32', '2024-07-08 05:57:55');

-- --------------------------------------------------------

--
-- Table structure for table `subjects`
--

CREATE TABLE `subjects` (
  `id` int(10) UNSIGNED NOT NULL,
  `name` varchar(100) COLLATE utf8mb4_unicode_ci NOT NULL,
  `slug` varchar(100) COLLATE utf8mb4_unicode_ci NOT NULL,
  `my_class_id` int(10) UNSIGNED NOT NULL,
  `teacher_id` int(10) UNSIGNED NOT NULL,
  `created_at` timestamp NULL DEFAULT NULL,
  `updated_at` timestamp NULL DEFAULT NULL
) ENGINE=InnoDB DEFAULT CHARSET=utf8mb4 COLLATE=utf8mb4_unicode_ci;

--
-- Dumping data for table `subjects`
--

INSERT INTO `subjects` (`id`, `name`, `slug`, `my_class_id`, `teacher_id`, `created_at`, `updated_at`) VALUES
(22, 'MATHEMATICS', 'MATHS', 1, 55, '2024-07-07 16:00:29', '2024-07-07 16:50:26'),
(23, 'ENGLISH LANGUAGE', 'ENG', 1, 55, '2024-07-07 16:01:11', '2024-07-07 16:01:11'),
(24, 'VERBAL REASONING', 'VBR', 1, 55, '2024-07-07 16:03:03', '2024-07-07 16:03:03'),
(25, 'QUANTITATIVE REASONNING', 'QTR', 1, 55, '2024-07-07 16:03:51', '2024-07-07 16:03:51'),
(26, 'CRS', 'CRS', 1, 55, '2024-07-07 16:04:58', '2024-07-07 16:04:58'),
(27, 'SOCIAL STUDIES', 'SOS', 1, 55, '2024-07-07 16:05:41', '2024-07-07 16:05:41'),
(28, 'BASIC SCIENCE', 'B.SCI', 1, 55, '2024-07-07 16:10:26', '2024-07-07 16:42:12'),
(29, 'MATHEMATICS', 'MATHS', 2, 55, '2024-07-07 16:13:30', '2024-07-07 16:49:24'),
(30, 'HOME ECONOMICS', 'H.ECONS', 1, 55, '2024-07-07 16:14:08', '2024-07-07 16:14:08'),
(31, 'BUSINESS STUDIES', 'B.STU', 1, 55, '2024-07-07 16:15:16', '2024-07-07 16:15:16'),
(32, 'C.C.A', 'C.C.A', 1, 55, '2024-07-07 16:15:51', '2024-07-07 16:15:51'),
(33, 'CIVIC EDUCATION', 'CIVIC', 1, 55, '2024-07-07 16:17:05', '2024-07-07 16:17:05'),
(34, 'P.H.E', 'P.H.E', 1, 55, '2024-07-07 16:17:44', '2024-07-07 16:17:44'),
(35, 'BASIC TECH', 'B.TECH', 1, 55, '2024-07-07 16:18:19', '2024-07-07 16:18:19'),
(36, 'YORUBA', 'YOR', 1, 58, '2024-07-07 16:21:37', '2024-07-07 16:21:37'),
(37, 'English', 'ENG', 3, 55, '2024-07-07 16:22:53', '2024-07-07 16:22:53'),
(38, 'Mathematics', 'MTH', 3, 55, '2024-07-07 16:29:54', '2024-07-07 16:29:54'),
(39, 'ENGLISH LANGUAGE', 'ENG', 2, 55, '2024-07-07 16:36:50', '2024-07-07 16:36:50'),
(40, 'VERBAL REASONING', 'VBR', 2, 55, '2024-07-07 16:37:21', '2024-07-07 16:37:21'),
(41, 'QUANTITATIVE REASONING', 'QTR', 2, 55, '2024-07-07 16:37:53', '2024-07-07 16:37:53'),
(42, 'C.R.S', 'C.R.S', 2, 55, '2024-07-07 16:38:50', '2024-07-07 16:38:50'),
(43, 'SOCIAL STUDIES', 'SOS', 2, 55, '2024-07-07 16:39:30', '2024-07-07 16:39:30'),
(44, 'YORUBA', 'YOR', 2, 58, '2024-07-07 16:40:31', '2024-07-07 16:40:31'),
(45, 'Mathematics', 'MTH', 11, 59, '2024-07-07 16:41:18', '2024-07-07 16:41:18'),
(46, 'English', 'ENG', 11, 59, '2024-07-07 16:41:49', '2024-07-07 16:47:35'),
(47, 'BASIC SCIENCE', 'B.SCI', 2, 55, '2024-07-07 16:42:19', '2024-07-07 16:42:19'),
(48, 'HOME ECONOMICS', 'H.ECONS', 2, 55, '2024-07-07 16:43:03', '2024-07-07 16:43:03'),
(49, 'Verbal reasoning', 'VBR', 11, 59, '2024-07-07 16:43:23', '2024-07-07 16:43:23'),
(50, 'BUSINESS STUDIES', 'B.STU', 2, 55, '2024-07-07 16:43:49', '2024-07-07 16:43:49'),
(51, 'C.C.A', 'C.C.A', 2, 55, '2024-07-07 16:45:10', '2024-07-07 16:45:10'),
(52, 'CIVIC EDUCATION', 'CIVIC', 2, 55, '2024-07-07 16:47:04', '2024-07-07 16:47:04'),
(53, 'Quantitative', 'QTR', 11, 59, '2024-07-07 16:47:12', '2024-07-07 16:47:12'),
(54, 'P.H.E', 'P.H.E', 2, 55, '2024-07-07 16:47:37', '2024-07-07 16:47:37'),
(55, 'BASIC TECH', 'B.TECH', 2, 55, '2024-07-07 16:48:13', '2024-07-07 16:48:13'),
(56, 'C.R.S', 'C.R.S', 11, 59, '2024-07-07 16:48:28', '2024-07-07 16:48:28'),
(57, 'Social Studies', 'SOS', 11, 59, '2024-07-07 16:49:24', '2024-07-07 16:49:24'),
(58, 'YORUBA', 'YOR', 11, 59, '2024-07-07 16:50:06', '2024-07-07 16:50:06'),
(59, 'Basic Science', 'B.Sci', 11, 59, '2024-07-07 16:51:11', '2024-07-07 16:51:11'),
(62, 'Home Economics', 'H.Econs', 11, 59, '2024-07-07 16:53:44', '2024-07-07 16:53:44'),
(63, 'Business Studies', 'B.Stu', 11, 59, '2024-07-07 16:54:27', '2024-07-07 16:54:27'),
(64, 'C.C.A', 'C.C.A', 11, 59, '2024-07-07 16:54:59', '2024-07-07 16:54:59'),
(65, 'Civic education', 'CIVIC', 11, 59, '2024-07-07 16:56:17', '2024-07-07 16:56:17'),
(66, 'P.H.E', 'P.H.E', 11, 59, '2024-07-07 16:56:39', '2024-07-07 16:56:39'),
(67, 'Basic Tech', 'B.Tech', 11, 59, '2024-07-07 16:58:07', '2024-07-07 16:58:07'),
(68, 'Mathematics', 'MTH', 12, 59, '2024-07-07 17:04:46', '2024-07-07 17:04:46'),
(69, 'MATHEMATICS', 'MATHS', 13, 61, '2024-07-07 17:05:00', '2024-07-07 17:20:25'),
(70, 'English', 'Eng', 12, 59, '2024-07-07 17:05:10', '2024-07-07 17:05:10'),
(71, 'Verbal reasoning', 'VBR', 12, 59, '2024-07-07 17:05:52', '2024-07-07 17:05:52'),
(72, 'Quantitative reasoning', 'QTR', 12, 59, '2024-07-07 17:07:40', '2024-07-07 17:07:40'),
(73, 'C.R.S', 'C.R.S', 12, 59, '2024-07-07 17:08:16', '2024-07-07 17:08:16'),
(74, 'ENGLISH LANGUAGE', 'ENG', 13, 61, '2024-07-07 17:09:04', '2024-07-07 17:09:04'),
(75, 'Social studies', 'SOS', 12, 59, '2024-07-07 17:09:07', '2024-07-07 17:09:07'),
(76, 'VERBAL REASONING', 'VBR', 13, 61, '2024-07-07 17:09:58', '2024-07-07 17:09:58'),
(77, 'Yoruba', 'YOR', 12, 59, '2024-07-07 17:10:23', '2024-07-07 17:10:23'),
(78, 'QUANTITATIVE REASONING', 'QTR', 13, 61, '2024-07-07 17:11:03', '2024-07-07 17:11:03'),
(79, 'C.R.S', 'C.R.S', 13, 61, '2024-07-07 17:11:54', '2024-07-07 17:11:54'),
(80, 'Basic science', 'B.Sci', 12, 59, '2024-07-07 17:12:11', '2024-07-07 17:12:11'),
(81, 'SOCIAL STUDIES', 'SOS', 13, 61, '2024-07-07 17:12:43', '2024-07-07 17:12:43'),
(82, 'YORUBA', 'YOR', 13, 58, '2024-07-07 17:13:32', '2024-07-07 17:13:32'),
(83, 'Home Economic', 'H.Econs', 12, 59, '2024-07-07 17:13:51', '2024-07-07 17:13:51'),
(84, 'Business Studies', 'B.Stu', 12, 59, '2024-07-07 17:14:55', '2024-07-07 17:14:55'),
(85, 'BASIC SCIENCE', 'B.SCI', 13, 61, '2024-07-07 17:15:11', '2024-07-07 17:15:11'),
(86, 'C.C.A', 'C.C.A', 12, 59, '2024-07-07 17:15:26', '2024-07-07 17:15:26'),
(87, 'HOME ECONOMICS', 'H.ECONS', 13, 61, '2024-07-07 17:15:52', '2024-07-07 17:15:52'),
(88, 'Civic education', 'CIVIC', 12, 59, '2024-07-07 17:16:13', '2024-07-07 17:16:13'),
(89, 'BUSINESS STUDIES', 'B.STU', 13, 61, '2024-07-07 17:16:22', '2024-07-07 17:16:22'),
(90, 'P.H.E', 'P.H.E', 12, 59, '2024-07-07 17:16:53', '2024-07-07 17:18:09'),
(91, 'C.C.A', 'C.C.A', 13, 61, '2024-07-07 17:16:55', '2024-07-07 17:16:55'),
(92, 'CIVIC EDUCATION', 'CIVIC', 13, 61, '2024-07-07 17:17:16', '2024-07-07 17:17:16'),
(93, 'Basic Tech', 'B.Tech', 12, 59, '2024-07-07 17:17:38', '2024-07-07 17:17:38'),
(94, 'P.H.E', 'P.H.E', 13, 61, '2024-07-07 17:17:45', '2024-07-07 17:17:45'),
(95, 'BASIC TECH', 'B.TECH', 13, 61, '2024-07-07 17:19:13', '2024-07-07 17:19:13'),
(96, 'MATHEMATICS', 'MATHS', 16, 61, '2024-07-07 17:22:39', '2024-07-07 17:22:39'),
(97, 'ENGLISH LANGUAGE', 'ENG', 16, 61, '2024-07-07 17:23:13', '2024-07-07 17:23:13'),
(98, 'VERBAL REASONING', 'VBR', 16, 61, '2024-07-07 17:23:46', '2024-07-07 17:23:46'),
(99, 'QUANTITATIVE REASONING', 'QTR', 16, 61, '2024-07-07 17:24:20', '2024-07-07 17:24:20'),
(100, 'C.R.S', 'C.R.S', 16, 61, '2024-07-07 17:24:41', '2024-07-07 17:24:41'),
(101, 'SOCIAL STUDIES', 'SOS', 16, 61, '2024-07-07 17:25:01', '2024-07-07 17:25:01'),
(102, 'YORUBA', 'YOR', 16, 58, '2024-07-07 17:26:36', '2024-07-07 17:26:36'),
(103, 'BASIC SCIENCE', 'B.SCI', 16, 61, '2024-07-07 17:27:43', '2024-07-07 17:27:43'),
(104, 'HOME ECONOMICS', 'H.ECONS', 16, 61, '2024-07-07 17:28:05', '2024-07-07 17:28:05'),
(105, 'BUSINESS STUDIES', 'B.STU', 16, 61, '2024-07-07 17:28:26', '2024-07-07 17:28:26'),
(106, 'C.C.A', 'C.C.A', 16, 61, '2024-07-07 17:28:43', '2024-07-07 17:28:43'),
(107, 'CIVIC EDUCATION', 'CIVIC', 16, 61, '2024-07-07 17:29:07', '2024-07-07 17:29:07'),
(108, 'P.H.E', 'P.H.E', 16, 61, '2024-07-07 17:29:24', '2024-07-07 17:29:24'),
(109, 'BASIC TECH', 'B.TECH', 16, 61, '2024-07-07 17:29:57', '2024-07-07 17:29:57'),
(110, 'Mathematics', 'MTH', 18, 60, '2024-07-07 17:32:19', '2024-07-07 17:32:19'),
(111, 'MATHEMATICS', 'MATHS', 19, 67, '2024-07-07 17:34:21', '2024-07-07 17:53:20'),
(112, 'ENGLISH LANGUAGE', 'ENG', 19, 62, '2024-07-07 17:35:30', '2024-07-07 17:35:30'),
(113, 'History', 'HIST', 18, 63, '2024-07-07 17:38:41', '2024-07-07 17:38:41'),
(114, 'HISTORY', 'HIST', 19, 63, '2024-07-07 17:39:30', '2024-07-07 17:39:30'),
(115, 'C.R.S', 'C.R.S', 18, 64, '2024-07-07 17:39:35', '2024-07-07 17:39:35'),
(116, 'C.R.S', 'C.R.S', 19, 64, '2024-07-07 17:39:56', '2024-07-07 17:39:56'),
(117, 'SOCIAL STUDIES', 'SOS', 19, 63, '2024-07-07 17:40:31', '2024-07-07 17:40:31'),
(118, 'Social Studies', 'SOS', 18, 63, '2024-07-07 17:41:28', '2024-07-07 17:41:28'),
(119, 'YORUBA', 'YOR', 19, 58, '2024-07-07 17:41:46', '2024-07-07 17:41:46'),
(120, 'Yoruba', 'YOR', 18, 58, '2024-07-07 17:42:01', '2024-07-07 17:42:01'),
(121, 'BASIC SCIENCE', 'B.SCI', 19, 65, '2024-07-07 17:43:40', '2024-07-07 17:43:40'),
(122, 'P.V.S', 'P.V.S', 19, 60, '2024-07-07 17:44:32', '2024-07-07 17:44:32'),
(123, 'Basic Science', 'B.Sci', 18, 65, '2024-07-07 17:45:19', '2024-07-07 17:45:19'),
(124, 'C.C.A', 'C.C.A', 19, 66, '2024-07-07 17:45:51', '2024-07-07 17:45:51'),
(125, 'P.V.S', 'P.V.S', 18, 60, '2024-07-07 17:46:18', '2024-07-07 17:46:18'),
(126, 'CIVIC EDUCATION', 'CIVIC', 19, 63, '2024-07-07 17:46:29', '2024-07-07 17:46:29'),
(127, 'Business Studies', 'B.Stu', 18, 64, '2024-07-07 17:47:02', '2024-07-07 17:47:02'),
(128, 'P.H.E', 'P.H.E', 19, 65, '2024-07-07 17:47:07', '2024-07-07 17:47:07'),
(129, 'BASIC TECH', 'B.TECH', 19, 65, '2024-07-07 17:47:26', '2024-07-07 17:47:26'),
(130, 'C.C.A', 'C.C.A', 18, 66, '2024-07-07 17:48:00', '2024-07-07 17:48:00'),
(131, 'Civic education', 'CIVIC', 18, 63, '2024-07-07 17:48:55', '2024-07-07 17:48:55'),
(132, 'COMPUTER', 'COMP', 19, 65, '2024-07-07 17:49:00', '2024-07-07 17:49:00'),
(133, 'P.H.E', 'P.H.E', 18, 65, '2024-07-07 17:49:22', '2024-07-07 17:49:22'),
(134, 'Basic Tech', 'B.Tech', 18, 65, '2024-07-07 17:49:55', '2024-07-07 17:49:55'),
(135, 'Computer', 'Comp', 18, 65, '2024-07-07 17:50:13', '2024-07-07 17:50:13'),
(137, 'MATHEMATICS', 'MATHS', 20, 67, '2024-07-07 17:57:41', '2024-07-07 17:57:41'),
(138, 'ENGLISH LANGUAGE', 'ENG', 20, 62, '2024-07-07 17:58:35', '2024-07-07 17:58:35'),
(139, 'HISTORY', 'HIST', 20, 63, '2024-07-07 17:59:04', '2024-07-07 17:59:04'),
(140, 'C.R.S', 'C.R.S', 20, 64, '2024-07-07 18:00:39', '2024-07-07 18:00:39'),
(141, 'SOCIAL STUDIES', 'SOS', 20, 63, '2024-07-07 18:01:40', '2024-07-07 18:01:40'),
(142, 'YORUBA', 'YOR', 20, 58, '2024-07-07 18:02:11', '2024-07-07 18:02:11'),
(143, 'BASIC SCIENCE', 'B.SCI', 20, 65, '2024-07-07 18:02:41', '2024-07-07 18:02:41'),
(144, 'P.V.S', 'P.V.S', 20, 60, '2024-07-07 18:04:25', '2024-07-07 18:04:25'),
(145, 'Mathematics', 'MATHS', 21, 67, '2024-07-07 18:05:08', '2024-07-07 18:05:08'),
(146, 'English', 'ENG', 21, 62, '2024-07-07 18:05:32', '2024-07-07 18:05:32'),
(147, 'CIVIC EDUCATION', 'CIVIC', 20, 63, '2024-07-07 18:06:03', '2024-07-07 18:06:03'),
(148, 'P.H.E', 'P.H.E', 20, 65, '2024-07-07 18:06:41', '2024-07-07 18:06:41'),
(149, 'Government', 'GOV', 21, 63, '2024-07-07 18:07:22', '2024-07-07 18:07:22'),
(150, 'BASIC TECH', 'B.TECH', 20, 65, '2024-07-07 18:07:24', '2024-07-07 18:07:24'),
(151, 'COMPUTER', 'COMP', 20, 65, '2024-07-07 18:08:51', '2024-07-07 18:08:51'),
(152, 'Marketing', 'MKT', 21, 58, '2024-07-07 18:10:36', '2024-07-07 18:10:36'),
(153, 'C.R.S', 'C.R.S', 21, 64, '2024-07-07 18:12:10', '2024-07-07 18:12:10'),
(154, 'Further Mathematics', 'F.Maths', 21, 67, '2024-07-07 18:12:24', '2024-07-07 18:12:24'),
(155, 'Computer', 'COMP', 21, 65, '2024-07-07 18:13:04', '2024-07-07 18:13:04'),
(156, 'Physics', 'PHY', 21, 67, '2024-07-07 18:13:04', '2024-07-07 18:13:04'),
(157, 'Yoruba', 'YOR', 21, 58, '2024-07-07 18:14:19', '2024-07-07 18:14:19'),
(158, 'Literature in English', 'LIT', 21, 62, '2024-07-07 18:14:36', '2024-07-07 18:14:36'),
(159, 'Civic education', 'CIVIC', 21, 63, '2024-07-07 18:15:13', '2024-07-07 18:15:13'),
(160, 'Chemistry', 'CHM', 21, 60, '2024-07-07 18:15:14', '2024-07-07 18:15:14'),
(161, 'Biology', 'BIO', 21, 60, '2024-07-07 18:15:39', '2024-07-07 18:15:39'),
(162, 'Geography', 'GEO', 21, 60, '2024-07-07 18:16:05', '2024-07-07 18:16:05'),
(163, 'Economics', 'ECN', 21, 64, '2024-07-07 18:16:53', '2024-07-07 18:16:53');

-- --------------------------------------------------------

--
-- Table structure for table `time_slots`
--

CREATE TABLE `time_slots` (
  `id` int(10) UNSIGNED NOT NULL,
  `ttr_id` int(10) UNSIGNED NOT NULL,
  `hour_from` tinyint(4) NOT NULL,
  `min_from` varchar(2) COLLATE utf8mb4_unicode_ci NOT NULL,
  `meridian_from` varchar(2) COLLATE utf8mb4_unicode_ci NOT NULL,
  `hour_to` tinyint(4) NOT NULL,
  `min_to` varchar(2) COLLATE utf8mb4_unicode_ci NOT NULL,
  `meridian_to` varchar(2) COLLATE utf8mb4_unicode_ci NOT NULL,
  `time_from` varchar(100) COLLATE utf8mb4_unicode_ci NOT NULL,
  `time_to` varchar(100) COLLATE utf8mb4_unicode_ci NOT NULL,
  `timestamp_from` varchar(50) COLLATE utf8mb4_unicode_ci NOT NULL,
  `timestamp_to` varchar(50) COLLATE utf8mb4_unicode_ci NOT NULL,
  `full` varchar(100) COLLATE utf8mb4_unicode_ci NOT NULL,
  `created_at` timestamp NULL DEFAULT NULL,
  `updated_at` timestamp NULL DEFAULT NULL
) ENGINE=InnoDB DEFAULT CHARSET=utf8mb4 COLLATE=utf8mb4_unicode_ci;

-- --------------------------------------------------------

--
-- Table structure for table `time_tables`
--

CREATE TABLE `time_tables` (
  `id` int(10) UNSIGNED NOT NULL,
  `ttr_id` int(10) UNSIGNED NOT NULL,
  `ts_id` int(10) UNSIGNED NOT NULL,
  `subject_id` int(10) UNSIGNED DEFAULT NULL,
  `exam_date` varchar(50) COLLATE utf8mb4_unicode_ci DEFAULT NULL,
  `timestamp_from` varchar(100) COLLATE utf8mb4_unicode_ci NOT NULL,
  `timestamp_to` varchar(100) COLLATE utf8mb4_unicode_ci NOT NULL,
  `day` varchar(50) COLLATE utf8mb4_unicode_ci DEFAULT NULL,
  `day_num` tinyint(4) DEFAULT NULL,
  `created_at` timestamp NULL DEFAULT NULL,
  `updated_at` timestamp NULL DEFAULT NULL
) ENGINE=InnoDB DEFAULT CHARSET=utf8mb4 COLLATE=utf8mb4_unicode_ci;

-- --------------------------------------------------------

--
-- Table structure for table `time_table_records`
--

CREATE TABLE `time_table_records` (
  `id` int(10) UNSIGNED NOT NULL,
  `name` varchar(100) COLLATE utf8mb4_unicode_ci NOT NULL,
  `my_class_id` int(10) UNSIGNED NOT NULL,
  `exam_id` int(10) UNSIGNED DEFAULT NULL,
  `year` varchar(100) COLLATE utf8mb4_unicode_ci NOT NULL,
  `created_at` timestamp NULL DEFAULT NULL,
  `updated_at` timestamp NULL DEFAULT NULL
) ENGINE=InnoDB DEFAULT CHARSET=utf8mb4 COLLATE=utf8mb4_unicode_ci;

-- --------------------------------------------------------

--
-- Table structure for table `users`
--

CREATE TABLE `users` (
  `id` int(10) UNSIGNED NOT NULL,
  `name` varchar(255) COLLATE utf8mb4_unicode_ci NOT NULL,
  `email` varchar(100) COLLATE utf8mb4_unicode_ci DEFAULT NULL,
  `code` varchar(100) COLLATE utf8mb4_unicode_ci NOT NULL,
  `username` varchar(100) COLLATE utf8mb4_unicode_ci DEFAULT NULL,
  `user_type` varchar(255) COLLATE utf8mb4_unicode_ci NOT NULL,
  `dob` varchar(255) COLLATE utf8mb4_unicode_ci DEFAULT NULL,
  `gender` varchar(255) COLLATE utf8mb4_unicode_ci DEFAULT NULL,
  `photo` varchar(255) COLLATE utf8mb4_unicode_ci NOT NULL DEFAULT 'http://localhost/global_assets/images/user.png',
  `phone` varchar(255) COLLATE utf8mb4_unicode_ci DEFAULT NULL,
  `phone2` varchar(255) COLLATE utf8mb4_unicode_ci DEFAULT NULL,
  `bg_id` int(10) UNSIGNED DEFAULT NULL,
  `state_id` int(10) UNSIGNED DEFAULT NULL,
  `lga_id` int(10) UNSIGNED DEFAULT NULL,
  `nal_id` int(10) UNSIGNED DEFAULT NULL,
  `address` varchar(255) COLLATE utf8mb4_unicode_ci DEFAULT NULL,
  `email_verified_at` timestamp NULL DEFAULT NULL,
  `password` varchar(255) COLLATE utf8mb4_unicode_ci NOT NULL,
  `remember_token` varchar(100) COLLATE utf8mb4_unicode_ci DEFAULT NULL,
  `created_at` timestamp NULL DEFAULT NULL,
  `updated_at` timestamp NULL DEFAULT NULL
) ENGINE=InnoDB DEFAULT CHARSET=utf8mb4 COLLATE=utf8mb4_unicode_ci;

--
-- Dumping data for table `users`
--

INSERT INTO `users` (`id`, `name`, `email`, `code`, `username`, `user_type`, `dob`, `gender`, `photo`, `phone`, `phone2`, `bg_id`, `state_id`, `lga_id`, `nal_id`, `address`, `email_verified_at`, `password`, `remember_token`, `created_at`, `updated_at`) VALUES
(1, 'CJ Inspired', 'cj@cj.com', 'VPWFBDGYI8', 'cj', 'super_admin', NULL, NULL, 'http://localhost/global_assets/images/user.png', NULL, NULL, NULL, NULL, NULL, NULL, NULL, NULL, '$2y$10$4FZ.v3nAcd6aJzfXhDEaBujmeOiYlLb51QvnmHEzlhwxCIhT0kFdu', 'Fgf8cEwB5iJcfLHI9dhSgas8sletx1WP8cDcVxX9xuEWlobDcEuqOK2z56Kw', NULL, NULL),
(2, 'Admin KORA', 'admin@admin.com', 'LAOEYLQJNZ', 'admin', 'admin', NULL, NULL, 'http://localhost/global_assets/images/user.png', NULL, NULL, NULL, NULL, NULL, NULL, NULL, NULL, '$2y$10$4FZ.v3nAcd6aJzfXhDEaBujmeOiYlLb51QvnmHEzlhwxCIhT0kFdu', 'UillYMqppi', NULL, NULL),
(3, 'Teacher Chike', 'teacher@teacher.com', 'CCMO1LKRDB', 'teacher', 'teacher', NULL, NULL, 'http://localhost/global_assets/images/user.png', NULL, NULL, NULL, NULL, NULL, NULL, NULL, NULL, '$2y$10$4FZ.v3nAcd6aJzfXhDEaBujmeOiYlLb51QvnmHEzlhwxCIhT0kFdu', 'sZiMNaCUfA', NULL, NULL),
(4, 'Parent Kaba', 'parent@parent.com', 'MPOQ2FZF8F', 'parent', 'parent', NULL, NULL, 'http://localhost/global_assets/images/user.png', NULL, NULL, NULL, NULL, NULL, NULL, NULL, NULL, '$2y$10$4FZ.v3nAcd6aJzfXhDEaBujmeOiYlLb51QvnmHEzlhwxCIhT0kFdu', 'KHY0pUGyck', NULL, NULL),
(5, 'Accountant Jeff', 'accountant@accountant.com', 'OMABW9YXCF', 'accountant', 'accountant', NULL, NULL, 'http://localhost/global_assets/images/user.png', NULL, NULL, NULL, NULL, NULL, NULL, NULL, NULL, '$2y$10$4FZ.v3nAcd6aJzfXhDEaBujmeOiYlLb51QvnmHEzlhwxCIhT0kFdu', 'LNAvrVw1cL', NULL, NULL),
(6, 'Admin 1', 'admin1@admin.com', 'KILBY9W4IT', 'admin1', 'admin', NULL, NULL, 'http://localhost/global_assets/images/user.png', NULL, NULL, NULL, NULL, NULL, NULL, NULL, NULL, '$2y$10$KqEWcCtS1Dja8TWbq5KWFuVxKDHbVEzOYAjs8xEiIPx6zkRtxy1dK', 'gHGNYzxMe3', NULL, NULL),
(7, 'Teacher 1', 'teacher1@teacher.com', '9QMSIABW9G', 'teacher1', 'teacher', NULL, NULL, 'http://localhost/global_assets/images/user.png', NULL, NULL, NULL, NULL, NULL, NULL, NULL, NULL, '$2y$10$PuJn1kNTr0YDA4ul.P74luykIoBszEp9KJAhBoGCjH8XGoqMDnE3.', '8cjVdChwMN', NULL, NULL),
(8, 'Accountant 1', 'accountant1@accountant.com', 'PVNE3FNYDB', 'accountant1', 'accountant', NULL, NULL, 'http://localhost/global_assets/images/user.png', NULL, NULL, NULL, NULL, NULL, NULL, NULL, NULL, '$2y$10$VkMdAXhFyJSqKlV6VI3rE.388Ri5fYNi/IwV10livXr8nMrHTJreG', 'SHRWJYiC5J', NULL, NULL),
(9, 'Parent 1', 'parent1@parent.com', '9CGYKSOW3J', 'parent1', 'parent', NULL, NULL, 'http://localhost/global_assets/images/user.png', NULL, NULL, NULL, NULL, NULL, NULL, NULL, NULL, '$2y$10$K1D/0pgV68yemOa7MKuskOtwamrp1sRp1Gg47OXbgj/9mBaipUxI6', 'tdxejKn8uX', NULL, NULL),
(10, 'Admin 2', 'admin2@admin.com', 'GHE4CFNKBJ', 'admin2', 'admin', NULL, NULL, 'http://localhost/global_assets/images/user.png', NULL, NULL, NULL, NULL, NULL, NULL, NULL, NULL, '$2y$10$y4V4iWhWrmg7yDp94smYBe16R4lBaaAo8yMVm6ILfRqj84q5iCBne', 'QAR3pdfCp8', NULL, NULL),
(11, 'Teacher 2', 'teacher2@teacher.com', '7QCSSIAYND', 'teacher2', 'teacher', NULL, NULL, 'http://localhost/global_assets/images/user.png', NULL, NULL, NULL, NULL, NULL, NULL, NULL, NULL, '$2y$10$p8ue41K9uBmjtmYVUyh69OSYnWHbkw15FgXy4TozsG8a4u73c.v0y', 'm0HlRXcfKm', NULL, NULL),
(12, 'Accountant 2', 'accountant2@accountant.com', 'KAMLDGRVNU', 'accountant2', 'accountant', NULL, NULL, 'http://localhost/global_assets/images/user.png', NULL, NULL, NULL, NULL, NULL, NULL, NULL, NULL, '$2y$10$pIM4zwy4riYxvgCvgNqA4.qjSOrVgnrecYGnDAvRxwEYg3r.kMi1i', '9IN6bqdeMt', NULL, NULL),
(13, 'Parent 2', 'parent2@parent.com', 'B2VWUF7N1M', 'parent2', 'parent', NULL, NULL, 'http://localhost/global_assets/images/user.png', NULL, NULL, NULL, NULL, NULL, NULL, NULL, NULL, '$2y$10$sBDljtiosD8GfbEIXEkiP.QnE8OQtnw6heSWmcMdWRaPEZ09UEq9C', '2FHDnmcutb', NULL, NULL),
(14, 'Admin 3', 'admin3@admin.com', 'MOM574G38D', 'admin3', 'admin', NULL, NULL, 'http://localhost/global_assets/images/user.png', NULL, NULL, NULL, NULL, NULL, NULL, NULL, NULL, '$2y$10$gqVgoYdkaCp1SLx/xwA/6OSMrA4YfehKqoBzJpXZ8fYsYV3jv1CpO', 'Y4drfIZAC7', NULL, NULL),
(15, 'Teacher 3', 'teacher3@teacher.com', 'WF21DJLTOF', 'teacher3', 'teacher', NULL, NULL, 'http://localhost/global_assets/images/user.png', NULL, NULL, NULL, NULL, NULL, NULL, NULL, NULL, '$2y$10$ZUE0/xNp3xJpjATk3eSuEex49zgq4uQSChZHod5ZgU4/tL1kWZCd2', '0rcG5b5GVv', NULL, NULL),
(16, 'Accountant 3', 'accountant3@accountant.com', 'RCVDS6YMTE', 'accountant3', 'accountant', NULL, NULL, 'http://localhost/global_assets/images/user.png', NULL, NULL, NULL, NULL, NULL, NULL, NULL, NULL, '$2y$10$ZNS4WQbppjOKtzStF1oWRuCp/yKgQH7oyu3NHXPoY38LNbWfnnhwi', 'XFACS92FZ0', NULL, NULL),
(17, 'Parent 3', 'parent3@parent.com', 'MWYZHYNUOB', 'parent3', 'parent', NULL, NULL, 'http://localhost/global_assets/images/user.png', NULL, NULL, NULL, NULL, NULL, NULL, NULL, NULL, '$2y$10$QMg5hn2mF55Byr8SX9IVF.FFgK4hcTSyGIwYH/g3VjBlgLdzumEPC', 'ZhRCI9AViq', NULL, NULL),
(18, 'Student CJ', 'student@student.com', 'SUUBSVG0QG', 'student', 'student', NULL, NULL, 'http://localhost/global_assets/images/user.png', NULL, NULL, NULL, NULL, NULL, NULL, NULL, NULL, '$2y$10$odclecU7Fk1KcYhX7FNwY.7eCuqQNr3xrzqIc7Z0OajBsuWCC4PFu', 'LsxK1UUkyP', '2024-07-07 15:08:19', '2024-07-07 15:08:19'),
(19, 'Wendell Hoppe', 'hamill.ivah@example.org', 'P7WBXT7EFZ', 'wiegand.katharina', 'student', NULL, NULL, 'http://localhost/global_assets/images/user.png', NULL, NULL, NULL, NULL, NULL, NULL, NULL, NULL, '$2y$10$kXrhgkapCiSIQ4R8C5tmyukYv7CkbIdkK0pH8L2DVWZ/UDUU4sWFK', 'l4zcmoA2Os', '2024-07-07 15:08:20', '2024-07-07 15:08:20'),
(20, 'Prof. Morgan Sporer I', 'dessie.stehr@example.org', 'UVIQPK2XFH', 'alfonso92', 'student', NULL, NULL, 'http://localhost/global_assets/images/user.png', NULL, NULL, NULL, NULL, NULL, NULL, NULL, NULL, '$2y$10$kXrhgkapCiSIQ4R8C5tmyukYv7CkbIdkK0pH8L2DVWZ/UDUU4sWFK', '7WWMuKO2kg', '2024-07-07 15:08:21', '2024-07-07 15:08:21'),
(21, 'Amelie Schuppe', 'shackett@example.com', '5VGME7AIBQ', 'ipowlowski', 'student', NULL, NULL, 'http://localhost/global_assets/images/user.png', NULL, NULL, NULL, NULL, NULL, NULL, NULL, NULL, '$2y$10$kXrhgkapCiSIQ4R8C5tmyukYv7CkbIdkK0pH8L2DVWZ/UDUU4sWFK', 'UO7B0SobWo', '2024-07-07 15:08:21', '2024-07-07 15:08:21'),
(22, 'Rhett Sauer', 'tomasa.mohr@example.org', 'TMXHUTTBOL', 'aufderhar.mateo', 'student', NULL, NULL, 'http://localhost/global_assets/images/user.png', NULL, NULL, NULL, NULL, NULL, NULL, NULL, NULL, '$2y$10$BKLvmhUFpoxW1fUGptfX1uajxobefo4P9XR7NTq.aC4/zCPUnj/cm', 'cRfMw8WsEv', '2024-07-07 15:08:22', '2024-07-07 15:08:22'),
(23, 'Lizeth Ryan', 'nader.manley@example.net', 'MOAQ4CWHM3', 'zrath', 'student', NULL, NULL, 'http://localhost/global_assets/images/user.png', NULL, NULL, NULL, NULL, NULL, NULL, NULL, NULL, '$2y$10$BKLvmhUFpoxW1fUGptfX1uajxobefo4P9XR7NTq.aC4/zCPUnj/cm', 'AlaUu7mkw0', '2024-07-07 15:08:22', '2024-07-07 15:08:22'),
(24, 'Cleta Bogan', 'smith.kiley@example.net', 'GCERRKRL4G', 'schoen.alan', 'student', NULL, NULL, 'http://localhost/global_assets/images/user.png', NULL, NULL, NULL, NULL, NULL, NULL, NULL, NULL, '$2y$10$BKLvmhUFpoxW1fUGptfX1uajxobefo4P9XR7NTq.aC4/zCPUnj/cm', 'kRypKc84VV', '2024-07-07 15:08:22', '2024-07-07 15:08:22'),
(25, 'Dr. Archibald Waters', 'soledad25@example.org', 'LFCZ8ZKL9Z', 'rey.heller', 'student', NULL, NULL, 'http://localhost/global_assets/images/user.png', NULL, NULL, NULL, NULL, NULL, NULL, NULL, NULL, '$2y$10$TjrW6VDDgRDpI3FBcTmUFuYZIa8/YVa9SH/ggbM6qf9f2pkUf04ja', 'WR3gWFczm8', '2024-07-07 15:08:23', '2024-07-07 15:08:23'),
(26, 'Karen Russel', 'erik.volkman@example.org', 'BXFY8NCS54', 'ramona.gorczany', 'student', NULL, NULL, 'http://localhost/global_assets/images/user.png', NULL, NULL, NULL, NULL, NULL, NULL, NULL, NULL, '$2y$10$TjrW6VDDgRDpI3FBcTmUFuYZIa8/YVa9SH/ggbM6qf9f2pkUf04ja', 'M4xZBqCdUL', '2024-07-07 15:08:23', '2024-07-07 15:08:23'),
(27, 'Winifred Hirthe', 'emma52@example.net', '39O1Y8NCDF', 'mmueller', 'student', NULL, NULL, 'http://localhost/global_assets/images/user.png', NULL, NULL, NULL, NULL, NULL, NULL, NULL, NULL, '$2y$10$TjrW6VDDgRDpI3FBcTmUFuYZIa8/YVa9SH/ggbM6qf9f2pkUf04ja', 'S7zYqEn5Lv', '2024-07-07 15:08:23', '2024-07-07 15:08:23'),
(28, 'Estelle Nitzsche', 'laisha.roberts@example.org', 'QIQWPOB1MA', 'veum.kaylah', 'student', NULL, NULL, 'http://localhost/global_assets/images/user.png', NULL, NULL, NULL, NULL, NULL, NULL, NULL, NULL, '$2y$10$X/mVnCnBpmD6U7KqF7vDkeoA7lyKzBZgZh1ukMXScC0mxTpvX2CRi', 'ttNh9Wf6fu', '2024-07-07 15:08:24', '2024-07-07 15:08:24'),
(29, 'Herman Gleichner V', 'carmine15@example.org', 'IJFS2OYWYA', 'carmine61', 'student', NULL, NULL, 'http://localhost/global_assets/images/user.png', NULL, NULL, NULL, NULL, NULL, NULL, NULL, NULL, '$2y$10$X/mVnCnBpmD6U7KqF7vDkeoA7lyKzBZgZh1ukMXScC0mxTpvX2CRi', 'OSz64jeUyI', '2024-07-07 15:08:24', '2024-07-07 15:08:24'),
(30, 'Oda Rodriguez I', 'gutkowski.braulio@example.net', 'KAXLMRX0UO', 'ralph.becker', 'student', NULL, NULL, 'http://localhost/global_assets/images/user.png', NULL, NULL, NULL, NULL, NULL, NULL, NULL, NULL, '$2y$10$X/mVnCnBpmD6U7KqF7vDkeoA7lyKzBZgZh1ukMXScC0mxTpvX2CRi', '44aeVGPYk5', '2024-07-07 15:08:24', '2024-07-07 15:08:24'),
(31, 'Willy Schinner', 'ronaldo.strosin@example.com', 'SXDIWW111E', 'rshanahan', 'student', NULL, NULL, 'http://localhost/global_assets/images/user.png', NULL, NULL, NULL, NULL, NULL, NULL, NULL, NULL, '$2y$10$ESwvhoJWBfeEjcoveEzhWuBMP5mPoGKCl.QpTWVq0y4yvQf.1RPTe', 'm7NJ4objpF', '2024-07-07 15:08:24', '2024-07-07 15:08:24'),
(32, 'Ava Hane', 'clarabelle15@example.com', 'OQAOBUZDJC', 'mayer.oceane', 'student', NULL, NULL, 'http://localhost/global_assets/images/user.png', NULL, NULL, NULL, NULL, NULL, NULL, NULL, NULL, '$2y$10$ESwvhoJWBfeEjcoveEzhWuBMP5mPoGKCl.QpTWVq0y4yvQf.1RPTe', 'hvTnHCL1MK', '2024-07-07 15:08:25', '2024-07-07 15:08:25'),
(33, 'Osborne Bogan', 'kihn.arnoldo@example.com', '0A6AED2HJF', 'dstehr', 'student', NULL, NULL, 'http://localhost/global_assets/images/user.png', NULL, NULL, NULL, NULL, NULL, NULL, NULL, NULL, '$2y$10$ESwvhoJWBfeEjcoveEzhWuBMP5mPoGKCl.QpTWVq0y4yvQf.1RPTe', 'VhokfLIUax', '2024-07-07 15:08:25', '2024-07-07 15:08:25'),
(34, 'Turner Ondricka', 'larson.maxie@example.com', 'A5UGDDBMSU', 'rhomenick', 'student', NULL, NULL, 'http://localhost/global_assets/images/user.png', NULL, NULL, NULL, NULL, NULL, NULL, NULL, NULL, '$2y$10$1fXDWKUNhqO6Bn9ehAlYGeX6Hnaqw3MO97FTAhd7Vsqps/.qGFFJC', 'e5VMktFzdJ', '2024-07-07 15:08:25', '2024-07-07 15:08:25'),
(35, 'Treva Corkery', 'witting.layne@example.com', 'PJPRRL4GD2', 'rosie45', 'student', NULL, NULL, 'http://localhost/global_assets/images/user.png', NULL, NULL, NULL, NULL, NULL, NULL, NULL, NULL, '$2y$10$1fXDWKUNhqO6Bn9ehAlYGeX6Hnaqw3MO97FTAhd7Vsqps/.qGFFJC', 'SNi9FqELIY', '2024-07-07 15:08:25', '2024-07-07 15:08:25'),
(36, 'Lizeth Nitzsche MD', 'pnienow@example.net', '4F1E4DT9VY', 'mclaughlin.ashly', 'student', NULL, NULL, 'http://localhost/global_assets/images/user.png', NULL, NULL, NULL, NULL, NULL, NULL, NULL, NULL, '$2y$10$1fXDWKUNhqO6Bn9ehAlYGeX6Hnaqw3MO97FTAhd7Vsqps/.qGFFJC', '8gHgOYWMHv', '2024-07-07 15:08:26', '2024-07-07 15:08:26'),
(37, 'Yessenia Kuphal', 'qschaefer@example.com', '9UW1UP0JHZ', 'wcrist', 'student', NULL, NULL, 'http://localhost/global_assets/images/user.png', NULL, NULL, NULL, NULL, NULL, NULL, NULL, NULL, '$2y$10$z/.KbuwUsKPiL0oMLK7QbOrYehIipb68XDkraA1tbdj72lt2KaU.e', 'DQwxHfI4IS', '2024-07-07 15:08:26', '2024-07-07 15:08:26'),
(38, 'Ms. Deja Erdman III', 'nelson.keebler@example.com', 'YNWYQAHZPJ', 'okon.norma', 'student', NULL, NULL, 'http://localhost/global_assets/images/user.png', NULL, NULL, NULL, NULL, NULL, NULL, NULL, NULL, '$2y$10$z/.KbuwUsKPiL0oMLK7QbOrYehIipb68XDkraA1tbdj72lt2KaU.e', 'hLLNfDr3UA', '2024-07-07 15:08:26', '2024-07-07 15:08:26'),
(39, 'Prof. Louvenia DuBuque Sr.', 'rhiannon.bradtke@example.net', 'Z9FOVRZPVH', 'zkrajcik', 'student', NULL, NULL, 'http://localhost/global_assets/images/user.png', NULL, NULL, NULL, NULL, NULL, NULL, NULL, NULL, '$2y$10$z/.KbuwUsKPiL0oMLK7QbOrYehIipb68XDkraA1tbdj72lt2KaU.e', 'AzMMQv3D78', '2024-07-07 15:08:26', '2024-07-07 15:08:26'),
(40, 'Prof. Myrtis Nitzsche', 'little.bernadine@example.net', 'YMCOYYO6NX', 'nicholas83', 'student', NULL, NULL, 'http://localhost/global_assets/images/user.png', NULL, NULL, NULL, NULL, NULL, NULL, NULL, NULL, '$2y$10$aV63pPFI3B8rkFepZkjc5eR4A0Dsm4I5h4IJjPBh./lHKNlr4/bg.', 'Q0NIUN4zxa', '2024-07-07 15:08:27', '2024-07-07 15:08:27'),
(41, 'Dillon O\'Conner', 'murphy.tyrel@example.com', '95XNEQUG09', 'donny.koss', 'student', NULL, NULL, 'http://localhost/global_assets/images/user.png', NULL, NULL, NULL, NULL, NULL, NULL, NULL, NULL, '$2y$10$aV63pPFI3B8rkFepZkjc5eR4A0Dsm4I5h4IJjPBh./lHKNlr4/bg.', 'TKlSJ9q4sr', '2024-07-07 15:08:27', '2024-07-07 15:08:27'),
(42, 'Trycia Kemmer', 'neal38@example.org', 'BVJA4DWTN6', 'balistreri.nia', 'student', NULL, NULL, 'http://localhost/global_assets/images/user.png', NULL, NULL, NULL, NULL, NULL, NULL, NULL, NULL, '$2y$10$aV63pPFI3B8rkFepZkjc5eR4A0Dsm4I5h4IJjPBh./lHKNlr4/bg.', 'o7QLRBuDRy', '2024-07-07 15:08:27', '2024-07-07 15:08:27'),
(43, 'Rocio Gutkowski Jr.', 'marietta.bogan@example.com', 'QPSGUHLWK3', 'alison04', 'student', NULL, NULL, 'http://localhost/global_assets/images/user.png', NULL, NULL, NULL, NULL, NULL, NULL, NULL, NULL, '$2y$10$60SAwG6qQOG3ivXuKPor.OQjraZXpiMuuSj.uGs7L485rj0hlf8c2', '9g3KNeYMCf', '2024-07-07 15:08:28', '2024-07-07 15:08:28'),
(44, 'Ernie Kunde MD', 'qwelch@example.com', 'LT9HVQWAMN', 'johathan.wuckert', 'student', NULL, NULL, 'http://localhost/global_assets/images/user.png', NULL, NULL, NULL, NULL, NULL, NULL, NULL, NULL, '$2y$10$60SAwG6qQOG3ivXuKPor.OQjraZXpiMuuSj.uGs7L485rj0hlf8c2', 'tG9sgvh44j', '2024-07-07 15:08:28', '2024-07-07 15:08:28'),
(45, 'Mrs. Maryam Spencer I', 'evangeline87@example.org', 'JHXTDWZWGD', 'mary.johnston', 'student', NULL, NULL, 'http://localhost/global_assets/images/user.png', NULL, NULL, NULL, NULL, NULL, NULL, NULL, NULL, '$2y$10$60SAwG6qQOG3ivXuKPor.OQjraZXpiMuuSj.uGs7L485rj0hlf8c2', 'otDA6NzzjH', '2024-07-07 15:08:28', '2024-07-07 15:08:28'),
(46, 'Hollis Morar', 'jamal47@example.com', 'JVNYTKAGPJ', 'murphy.howell', 'student', NULL, NULL, 'http://localhost/global_assets/images/user.png', NULL, NULL, NULL, NULL, NULL, NULL, NULL, NULL, '$2y$10$FUIRgHLfK7osYsGjlk411OJPg8f4pysE2O8W91nZXR2GagHFbeGW2', 'ir2t05jJQP', '2024-07-07 15:08:28', '2024-07-07 15:08:28'),
(47, 'Bernie Conn', 'concepcion.shields@example.com', 'QQ4DTRSOVX', 'adolfo.zulauf', 'student', NULL, NULL, 'http://localhost/global_assets/images/user.png', NULL, NULL, NULL, NULL, NULL, NULL, NULL, NULL, '$2y$10$FUIRgHLfK7osYsGjlk411OJPg8f4pysE2O8W91nZXR2GagHFbeGW2', '86H9YIaDN3', '2024-07-07 15:08:29', '2024-07-07 15:08:29'),
(48, 'Prof. Faye Kertzmann', 'emanuel.lindgren@example.org', 'LWXBSEVMY5', 'anibal.kuhn', 'student', NULL, NULL, 'http://localhost/global_assets/images/user.png', NULL, NULL, NULL, NULL, NULL, NULL, NULL, NULL, '$2y$10$FUIRgHLfK7osYsGjlk411OJPg8f4pysE2O8W91nZXR2GagHFbeGW2', 'EKrvsJV6ku', '2024-07-07 15:08:29', '2024-07-07 15:08:29'),
(49, 'Rosalinda Wuckert', 'mkrajcik@example.com', 'HGVNMWECOU', 'rodrigo.gleason', 'student', NULL, NULL, 'http://localhost/global_assets/images/user.png', NULL, NULL, NULL, NULL, NULL, NULL, NULL, NULL, '$2y$10$FdPlm9kB7FbMtujOBCPZhuAtQEiIy89mzp2iI2P4SGU592hfyJkvG', 'NDFzxwKaUj', '2024-07-07 15:08:29', '2024-07-07 15:08:29'),
(50, 'Mrs. Kali Casper MD', 'adolfo83@example.com', 'KGHICL9CEK', 'rodolfo64', 'student', NULL, NULL, 'http://localhost/global_assets/images/user.png', NULL, NULL, NULL, NULL, NULL, NULL, NULL, NULL, '$2y$10$FdPlm9kB7FbMtujOBCPZhuAtQEiIy89mzp2iI2P4SGU592hfyJkvG', 'JNgBksebTw', '2024-07-07 15:08:30', '2024-07-07 15:08:30'),
(51, 'Pearline Ryan', 'thad.smith@example.org', '7KY3KDK9S2', 'neoma.mueller', 'student', NULL, NULL, 'http://localhost/global_assets/images/user.png', NULL, NULL, NULL, NULL, NULL, NULL, NULL, NULL, '$2y$10$FdPlm9kB7FbMtujOBCPZhuAtQEiIy89mzp2iI2P4SGU592hfyJkvG', 'xRxzmh2s2I', '2024-07-07 15:08:30', '2024-07-07 15:08:30'),
(52, 'Dr. Newell Feest', 'skiehn@example.net', '0OTDTVQTNR', 'dickens.chelsey', 'student', NULL, NULL, 'http://localhost/global_assets/images/user.png', NULL, NULL, NULL, NULL, NULL, NULL, NULL, NULL, '$2y$10$jute272Vwj7U3DcUWVCDUuB.owLNuCb7ekkfxhWzIm16aNpE/.Q4S', 'TlEBNUfDD9', '2024-07-07 15:08:30', '2024-07-07 15:08:30'),
(53, 'Cecelia Mosciski', 'rogers38@example.net', 'WO4GMKFQL5', 'boyle.henderson', 'student', NULL, NULL, 'http://localhost/global_assets/images/user.png', NULL, NULL, NULL, NULL, NULL, NULL, NULL, NULL, '$2y$10$jute272Vwj7U3DcUWVCDUuB.owLNuCb7ekkfxhWzIm16aNpE/.Q4S', 'E9drNfT109', '2024-07-07 15:08:31', '2024-07-07 15:08:31'),
(54, 'Jeffry Wuckert', 'walton.mcdermott@example.net', 'EYCPBOSDCM', 'marcelo.ritchie', 'student', NULL, NULL, 'http://localhost/global_assets/images/user.png', NULL, NULL, NULL, NULL, NULL, NULL, NULL, NULL, '$2y$10$jute272Vwj7U3DcUWVCDUuB.owLNuCb7ekkfxhWzIm16aNpE/.Q4S', 'BBVPCsefCD', '2024-07-07 15:08:31', '2024-07-07 15:08:31'),
(55, 'Mrs. Popoola', 'Popoola@smartthinkersgroupofschools.com.ng', 'FDLTESJYYZ', 'STGS/STAFF/2024/07/4872', 'teacher', NULL, 'Male', 'http://smartthinkersgroupofschools.com.ng/sms/global_assets/images/user.png', NULL, NULL, NULL, 1, 1, 130, 'nilstgs', NULL, '$2y$10$bLznfvwV9B7ELTBFHZsnHuLfj0XwtnV9/i71jBcD1gfUg75k3Uoji', NULL, '2024-07-07 15:56:59', '2024-07-07 15:56:59'),
(56, 'Mrs. Olayiwola', 'wola@smartthinkersgroupofschools.com.ng', 'XWLB2P7B57', 'STGS/STAFF/1970/01/6786', 'parent', NULL, 'Female', 'http://smartthinkersgroupofschools.com.ng/sms/global_assets/images/user.png', NULL, NULL, NULL, 1, 1, 130, 'NILSTGS', NULL, '$2y$10$W.KjdtTmwxf2Q2GWj/bdduxnphbrQ4AZKfD4Vegxk03t31N8cB/Gy', NULL, '2024-07-07 16:07:24', '2024-07-07 16:16:22'),
(58, 'Mrs. Olayiwola', 'Olayiwola@smartthinkersgroupofschools.com.ng', 'LKXIMU9RUT', 'STGS/STAFF/2024/07/9718', 'teacher', NULL, 'Female', 'http://smartthinkersgroupofschools.com.ng/sms/global_assets/images/user.png', NULL, NULL, NULL, 1, 1, 130, 'nilstgs', NULL, '$2y$10$H.PbPTnV5TNsSL1FoDxyWOgQsMS0CAQieA1JNZN53VR7trQCgHGzm', NULL, '2024-07-07 16:20:53', '2024-07-07 16:20:53'),
(59, 'Mrs. Alabi', 'Alabi@smartthinkersgroupofschools.com.ng', 'RLXAD2J6NV', 'STGS/STAFF/2024/07/8649', 'teacher', NULL, 'Female', 'http://smartthinkersgroupofschools.com.ng/sms/global_assets/images/user.png', NULL, NULL, NULL, 1, 1, 130, 'nilstgs', NULL, '$2y$10$iOwW6d9oJ/qN4VHiMu2yDemfcEDs1UpH1MkYmVqSV3Z/Kmi5SzZqm', NULL, '2024-07-07 16:31:54', '2024-07-07 16:31:54'),
(60, 'Mrs. Baleeq', 'Baleeq@smartthinkersgroupofschools.com.ng', 'X4SYFUBSKJ', 'STGS/STAFF/2024/07/3416', 'teacher', NULL, 'Female', 'http://smartthinkersgroupofschools.com.ng/sms/global_assets/images/user.png', NULL, NULL, NULL, 1, 1, 130, 'nilstgs', NULL, '$2y$10$EPjbHul7AxnkeuomvHnfi.Ryzs/YtaEUUD6PSu0XbucnPezs2qTTe', NULL, '2024-07-07 16:33:24', '2024-07-07 16:33:24'),
(61, 'Mrs. Adeyemi', 'Adeyemi@smartthinkersgroupofschools.com.ng', 'OYNN3J7K99', 'STGS/STAFF/2024/07/5216', 'teacher', NULL, 'Female', 'http://smartthinkersgroupofschools.com.ng/sms/global_assets/images/user.png', NULL, NULL, NULL, 1, 1, 130, 'nilstgs', NULL, '$2y$10$bZfGRtLnZ7c6pjz113P5NeGYDC3Fag3fO3n4Y17sr3ClEykhCxvaC', NULL, '2024-07-07 17:07:41', '2024-07-07 17:07:41'),
(62, 'Mr. Sam', 'Sam@smartthinkersgroupofschools.com.ng', 'MXCEEBRINJ', 'STGS/STAFF/2024/07/2423', 'teacher', NULL, 'Male', 'http://smartthinkersgroupofschools.com.ng/sms/global_assets/images/user.png', NULL, NULL, NULL, 1, 1, 130, 'nilstgs', NULL, '$2y$10$2KBqiRM/0FQeCN2f1r8T8eV60I9KZ0UM.hGCgb5qYE9.crx.alV3W', NULL, '2024-07-07 17:34:42', '2024-07-07 17:34:42'),
(63, 'Mr. Popoola', 'MPopoola@smartthinkersgroupofschools.com.ng', 'X0AUTT6NBB', 'STGS/STAFF/2024/07/2158', 'teacher', NULL, 'Male', 'http://smartthinkersgroupofschools.com.ng/sms/global_assets/images/user.png', NULL, NULL, NULL, 1, 1, 130, 'nilstgs', NULL, '$2y$10$QjV2hR.HTh2I0M4vDL/u2OhzrVx/1QIKXsY41llYjCyPmOFdWLrUu', NULL, '2024-07-07 17:36:42', '2024-07-07 17:36:42'),
(64, 'Mrs. Friday', 'Friday@smartthinkersgroupofschools.com.ng', '9E0ZLVWZYL', 'STGS/STAFF/2024/07/1958', 'teacher', NULL, 'Female', 'http://smartthinkersgroupofschools.com.ng/sms/global_assets/images/user.png', NULL, NULL, NULL, 1, 1, 130, 'nilstgs', NULL, '$2y$10$eXSmqmTKrNChaXbGXmVtmujbpgPWi.aoMfNoeuE1RMf7fD/SVbUuK', NULL, '2024-07-07 17:38:01', '2024-07-07 17:38:01'),
(65, 'Mrs Halimah', 'Halimah@smartthinkersgroupofschools.com.ng', 'UVMB3TUDWZ', 'STGS/STAFF/2024/07/4844', 'teacher', NULL, 'Female', 'http://smartthinkersgroupofschools.com.ng/sms/global_assets/images/user.png', NULL, NULL, NULL, 1, 1, 130, 'nilstgs', NULL, '$2y$10$68X6kc3iJO4LybDdnnJHMu8DJL7f.nF.g6qckWCRyGpuecMPRlb/y', NULL, '2024-07-07 17:41:24', '2024-07-07 17:41:24'),
(66, 'Corper. Tolani', 'Tolani@smartthinkersgroupofschools.com.ng', 'LFM8HQMJGC', 'STGS/STAFF/2024/07/7570', 'teacher', NULL, 'Female', 'http://smartthinkersgroupofschools.com.ng/sms/global_assets/images/user.png', NULL, NULL, NULL, 1, 1, 130, 'nilstgs', NULL, '$2y$10$JwVuiJc3j05rs1Ko9U4h2OTI88mw8t3kAgieuA0DXhcvbTGZcax8e', NULL, '2024-07-07 17:43:51', '2024-07-07 17:43:51'),
(67, 'Corper Franklin', 'Franklin@smartthinkersgroupofschools.com.ng', 'BVCRU4MYOC', 'STGS/STAFF/2024/07/1422', 'teacher', NULL, 'Male', 'http://smartthinkersgroupofschools.com.ng/sms/global_assets/images/user.png', NULL, NULL, NULL, 1, 1, 130, 'nilstgs', NULL, '$2y$10$./l8yqFa84CffxCjw2RPnOJXadAGwuUOjiROSqQ5iq4HWHBCoVl.G', NULL, '2024-07-07 17:51:00', '2024-07-07 17:51:00'),
(68, 'Kola Adams', 'K.adams@gmaiil.com', '2JH6PNQXHE', 'STGS/STAFF/1970/01/5239', 'parent', NULL, 'Male', 'http://smartthinkersgroupofschools.com.ng/sms/global_assets/images/user.png', NULL, NULL, 3, 25, 517, 130, '4 taiwo kalimoh street orisunmbare Lagos', NULL, '$2y$10$yJkwhgHWgsVRadVSaL8op.ybT59EXDO6eCjPtNNEswmvNY0Wlwzgq', NULL, '2024-07-08 05:53:23', '2024-07-08 05:56:51'),
(69, 'Wunmi Adams', 'WunmiAdams@gmail.com', 'HB8TKFAP4S', 'STGS/J/2024/24001', 'student', NULL, 'Female', 'http://smartthinkersgroupofschools.com.ng/sms/global_assets/images/user.png', NULL, NULL, NULL, 25, 517, 130, 'kjdkfjkjkjfskjkkjsfjk', NULL, '$2y$10$UARgfNnC3g34aSZTp/Sq3Oi744lfy5QyLePYYhyn6KAkGWlS7YV/6', NULL, '2024-07-08 05:56:32', '2024-07-08 05:56:32');

-- --------------------------------------------------------

--
-- Table structure for table `user_types`
--

CREATE TABLE `user_types` (
  `id` int(10) UNSIGNED NOT NULL,
  `title` varchar(255) COLLATE utf8mb4_unicode_ci NOT NULL,
  `name` varchar(255) COLLATE utf8mb4_unicode_ci NOT NULL,
  `level` varchar(255) COLLATE utf8mb4_unicode_ci NOT NULL,
  `created_at` timestamp NULL DEFAULT NULL,
  `updated_at` timestamp NULL DEFAULT NULL
) ENGINE=InnoDB DEFAULT CHARSET=utf8mb4 COLLATE=utf8mb4_unicode_ci;

--
-- Dumping data for table `user_types`
--

INSERT INTO `user_types` (`id`, `title`, `name`, `level`, `created_at`, `updated_at`) VALUES
(1, 'accountant', 'Accountant', '5', NULL, NULL),
(2, 'parent', 'Parent', '4', NULL, NULL),
(3, 'teacher', 'Teacher', '3', NULL, NULL),
(4, 'admin', 'Admin', '2', NULL, NULL),
(5, 'super_admin', 'Super Admin', '1', NULL, NULL);

--
-- Indexes for dumped tables
--

--
-- Indexes for table `blood_groups`
--
ALTER TABLE `blood_groups`
  ADD PRIMARY KEY (`id`);

--
-- Indexes for table `books`
--
ALTER TABLE `books`
  ADD PRIMARY KEY (`id`),
  ADD KEY `books_my_class_id_foreign` (`my_class_id`);

--
-- Indexes for table `book_requests`
--
ALTER TABLE `book_requests`
  ADD PRIMARY KEY (`id`),
  ADD KEY `book_requests_book_id_foreign` (`book_id`),
  ADD KEY `book_requests_user_id_foreign` (`user_id`);

--
-- Indexes for table `class_types`
--
ALTER TABLE `class_types`
  ADD PRIMARY KEY (`id`);

--
-- Indexes for table `dorms`
--
ALTER TABLE `dorms`
  ADD PRIMARY KEY (`id`),
  ADD UNIQUE KEY `dorms_name_unique` (`name`);

--
-- Indexes for table `exams`
--
ALTER TABLE `exams`
  ADD PRIMARY KEY (`id`),
  ADD UNIQUE KEY `exams_term_year_unique` (`term`,`year`);

--
-- Indexes for table `exam_records`
--
ALTER TABLE `exam_records`
  ADD PRIMARY KEY (`id`),
  ADD KEY `exam_records_exam_id_foreign` (`exam_id`),
  ADD KEY `exam_records_my_class_id_foreign` (`my_class_id`),
  ADD KEY `exam_records_student_id_foreign` (`student_id`),
  ADD KEY `exam_records_section_id_foreign` (`section_id`);

--
-- Indexes for table `grades`
--
ALTER TABLE `grades`
  ADD PRIMARY KEY (`id`),
  ADD UNIQUE KEY `grades_name_class_type_id_remark_unique` (`name`,`class_type_id`,`remark`),
  ADD KEY `grades_class_type_id_foreign` (`class_type_id`);

--
-- Indexes for table `lgas`
--
ALTER TABLE `lgas`
  ADD PRIMARY KEY (`id`),
  ADD KEY `lgas_state_id_foreign` (`state_id`);

--
-- Indexes for table `marks`
--
ALTER TABLE `marks`
  ADD PRIMARY KEY (`id`),
  ADD KEY `marks_student_id_foreign` (`student_id`),
  ADD KEY `marks_my_class_id_foreign` (`my_class_id`),
  ADD KEY `marks_section_id_foreign` (`section_id`),
  ADD KEY `marks_subject_id_foreign` (`subject_id`),
  ADD KEY `marks_exam_id_foreign` (`exam_id`),
  ADD KEY `marks_grade_id_foreign` (`grade_id`);

--
-- Indexes for table `migrations`
--
ALTER TABLE `migrations`
  ADD PRIMARY KEY (`id`);

--
-- Indexes for table `my_classes`
--
ALTER TABLE `my_classes`
  ADD PRIMARY KEY (`id`),
  ADD UNIQUE KEY `my_classes_class_type_id_name_unique` (`class_type_id`,`name`);

--
-- Indexes for table `nationalities`
--
ALTER TABLE `nationalities`
  ADD PRIMARY KEY (`id`);

--
-- Indexes for table `password_resets`
--
ALTER TABLE `password_resets`
  ADD KEY `password_resets_email_index` (`email`);

--
-- Indexes for table `payments`
--
ALTER TABLE `payments`
  ADD PRIMARY KEY (`id`),
  ADD UNIQUE KEY `payments_ref_no_unique` (`ref_no`),
  ADD KEY `payments_my_class_id_foreign` (`my_class_id`);

--
-- Indexes for table `payment_records`
--
ALTER TABLE `payment_records`
  ADD PRIMARY KEY (`id`),
  ADD UNIQUE KEY `payment_records_ref_no_unique` (`ref_no`),
  ADD KEY `payment_records_payment_id_foreign` (`payment_id`),
  ADD KEY `payment_records_student_id_foreign` (`student_id`);

--
-- Indexes for table `pins`
--
ALTER TABLE `pins`
  ADD PRIMARY KEY (`id`),
  ADD UNIQUE KEY `pins_code_unique` (`code`),
  ADD KEY `pins_user_id_foreign` (`user_id`),
  ADD KEY `pins_student_id_foreign` (`student_id`);

--
-- Indexes for table `promotions`
--
ALTER TABLE `promotions`
  ADD PRIMARY KEY (`id`),
  ADD KEY `promotions_student_id_foreign` (`student_id`),
  ADD KEY `promotions_from_class_foreign` (`from_class`),
  ADD KEY `promotions_from_section_foreign` (`from_section`),
  ADD KEY `promotions_to_section_foreign` (`to_section`),
  ADD KEY `promotions_to_class_foreign` (`to_class`);

--
-- Indexes for table `receipts`
--
ALTER TABLE `receipts`
  ADD PRIMARY KEY (`id`),
  ADD KEY `receipts_pr_id_foreign` (`pr_id`);

--
-- Indexes for table `sections`
--
ALTER TABLE `sections`
  ADD PRIMARY KEY (`id`),
  ADD UNIQUE KEY `sections_name_my_class_id_unique` (`name`,`my_class_id`),
  ADD KEY `sections_my_class_id_foreign` (`my_class_id`),
  ADD KEY `sections_teacher_id_foreign` (`teacher_id`);

--
-- Indexes for table `settings`
--
ALTER TABLE `settings`
  ADD PRIMARY KEY (`id`);

--
-- Indexes for table `skills`
--
ALTER TABLE `skills`
  ADD PRIMARY KEY (`id`);

--
-- Indexes for table `staff_records`
--
ALTER TABLE `staff_records`
  ADD PRIMARY KEY (`id`),
  ADD UNIQUE KEY `staff_records_code_unique` (`code`),
  ADD KEY `staff_records_user_id_foreign` (`user_id`);

--
-- Indexes for table `states`
--
ALTER TABLE `states`
  ADD PRIMARY KEY (`id`);

--
-- Indexes for table `student_records`
--
ALTER TABLE `student_records`
  ADD PRIMARY KEY (`id`),
  ADD UNIQUE KEY `student_records_adm_no_unique` (`adm_no`),
  ADD KEY `student_records_user_id_foreign` (`user_id`),
  ADD KEY `student_records_my_class_id_foreign` (`my_class_id`),
  ADD KEY `student_records_section_id_foreign` (`section_id`),
  ADD KEY `student_records_my_parent_id_foreign` (`my_parent_id`),
  ADD KEY `student_records_dorm_id_foreign` (`dorm_id`);

--
-- Indexes for table `subjects`
--
ALTER TABLE `subjects`
  ADD PRIMARY KEY (`id`),
  ADD UNIQUE KEY `subjects_my_class_id_name_unique` (`my_class_id`,`name`),
  ADD KEY `subjects_teacher_id_foreign` (`teacher_id`);

--
-- Indexes for table `time_slots`
--
ALTER TABLE `time_slots`
  ADD PRIMARY KEY (`id`),
  ADD UNIQUE KEY `time_slots_timestamp_from_timestamp_to_ttr_id_unique` (`timestamp_from`,`timestamp_to`,`ttr_id`),
  ADD KEY `time_slots_ttr_id_foreign` (`ttr_id`);

--
-- Indexes for table `time_tables`
--
ALTER TABLE `time_tables`
  ADD PRIMARY KEY (`id`),
  ADD UNIQUE KEY `time_tables_ttr_id_ts_id_day_unique` (`ttr_id`,`ts_id`,`day`),
  ADD UNIQUE KEY `time_tables_ttr_id_ts_id_exam_date_unique` (`ttr_id`,`ts_id`,`exam_date`),
  ADD KEY `time_tables_ts_id_foreign` (`ts_id`),
  ADD KEY `time_tables_subject_id_foreign` (`subject_id`);

--
-- Indexes for table `time_table_records`
--
ALTER TABLE `time_table_records`
  ADD PRIMARY KEY (`id`),
  ADD UNIQUE KEY `time_table_records_name_unique` (`name`),
  ADD UNIQUE KEY `time_table_records_my_class_id_exam_id_year_unique` (`my_class_id`,`exam_id`,`year`),
  ADD KEY `time_table_records_exam_id_foreign` (`exam_id`);

--
-- Indexes for table `users`
--
ALTER TABLE `users`
  ADD PRIMARY KEY (`id`),
  ADD UNIQUE KEY `users_code_unique` (`code`),
  ADD UNIQUE KEY `users_email_unique` (`email`),
  ADD UNIQUE KEY `users_username_unique` (`username`),
  ADD KEY `users_state_id_foreign` (`state_id`),
  ADD KEY `users_lga_id_foreign` (`lga_id`),
  ADD KEY `users_bg_id_foreign` (`bg_id`),
  ADD KEY `users_nal_id_foreign` (`nal_id`);

--
-- Indexes for table `user_types`
--
ALTER TABLE `user_types`
  ADD PRIMARY KEY (`id`);

--
-- AUTO_INCREMENT for dumped tables
--

--
-- AUTO_INCREMENT for table `blood_groups`
--
ALTER TABLE `blood_groups`
  MODIFY `id` int(10) UNSIGNED NOT NULL AUTO_INCREMENT, AUTO_INCREMENT=9;

--
-- AUTO_INCREMENT for table `books`
--
ALTER TABLE `books`
  MODIFY `id` int(10) UNSIGNED NOT NULL AUTO_INCREMENT;

--
-- AUTO_INCREMENT for table `book_requests`
--
ALTER TABLE `book_requests`
  MODIFY `id` int(10) UNSIGNED NOT NULL AUTO_INCREMENT;

--
-- AUTO_INCREMENT for table `class_types`
--
ALTER TABLE `class_types`
  MODIFY `id` int(10) UNSIGNED NOT NULL AUTO_INCREMENT, AUTO_INCREMENT=7;

--
-- AUTO_INCREMENT for table `dorms`
--
ALTER TABLE `dorms`
  MODIFY `id` int(10) UNSIGNED NOT NULL AUTO_INCREMENT, AUTO_INCREMENT=6;

--
-- AUTO_INCREMENT for table `exams`
--
ALTER TABLE `exams`
  MODIFY `id` int(10) UNSIGNED NOT NULL AUTO_INCREMENT, AUTO_INCREMENT=2;

--
-- AUTO_INCREMENT for table `exam_records`
--
ALTER TABLE `exam_records`
  MODIFY `id` int(10) UNSIGNED NOT NULL AUTO_INCREMENT, AUTO_INCREMENT=2;

--
-- AUTO_INCREMENT for table `grades`
--
ALTER TABLE `grades`
  MODIFY `id` int(10) UNSIGNED NOT NULL AUTO_INCREMENT, AUTO_INCREMENT=7;

--
-- AUTO_INCREMENT for table `lgas`
--
ALTER TABLE `lgas`
  MODIFY `id` int(10) UNSIGNED NOT NULL AUTO_INCREMENT, AUTO_INCREMENT=775;

--
-- AUTO_INCREMENT for table `marks`
--
ALTER TABLE `marks`
  MODIFY `id` int(10) UNSIGNED NOT NULL AUTO_INCREMENT, AUTO_INCREMENT=4;

--
-- AUTO_INCREMENT for table `migrations`
--
ALTER TABLE `migrations`
  MODIFY `id` int(10) UNSIGNED NOT NULL AUTO_INCREMENT, AUTO_INCREMENT=30;

--
-- AUTO_INCREMENT for table `my_classes`
--
ALTER TABLE `my_classes`
  MODIFY `id` int(10) UNSIGNED NOT NULL AUTO_INCREMENT, AUTO_INCREMENT=24;

--
-- AUTO_INCREMENT for table `nationalities`
--
ALTER TABLE `nationalities`
  MODIFY `id` int(10) UNSIGNED NOT NULL AUTO_INCREMENT, AUTO_INCREMENT=194;

--
-- AUTO_INCREMENT for table `payments`
--
ALTER TABLE `payments`
  MODIFY `id` int(10) UNSIGNED NOT NULL AUTO_INCREMENT;

--
-- AUTO_INCREMENT for table `payment_records`
--
ALTER TABLE `payment_records`
  MODIFY `id` int(10) UNSIGNED NOT NULL AUTO_INCREMENT;

--
-- AUTO_INCREMENT for table `pins`
--
ALTER TABLE `pins`
  MODIFY `id` int(10) UNSIGNED NOT NULL AUTO_INCREMENT;

--
-- AUTO_INCREMENT for table `promotions`
--
ALTER TABLE `promotions`
  MODIFY `id` int(10) UNSIGNED NOT NULL AUTO_INCREMENT;

--
-- AUTO_INCREMENT for table `receipts`
--
ALTER TABLE `receipts`
  MODIFY `id` int(10) UNSIGNED NOT NULL AUTO_INCREMENT;

--
-- AUTO_INCREMENT for table `sections`
--
ALTER TABLE `sections`
  MODIFY `id` int(10) UNSIGNED NOT NULL AUTO_INCREMENT, AUTO_INCREMENT=25;

--
-- AUTO_INCREMENT for table `settings`
--
ALTER TABLE `settings`
  MODIFY `id` int(10) UNSIGNED NOT NULL AUTO_INCREMENT, AUTO_INCREMENT=20;

--
-- AUTO_INCREMENT for table `skills`
--
ALTER TABLE `skills`
  MODIFY `id` int(10) UNSIGNED NOT NULL AUTO_INCREMENT, AUTO_INCREMENT=15;

--
-- AUTO_INCREMENT for table `staff_records`
--
ALTER TABLE `staff_records`
  MODIFY `id` int(10) UNSIGNED NOT NULL AUTO_INCREMENT, AUTO_INCREMENT=12;

--
-- AUTO_INCREMENT for table `states`
--
ALTER TABLE `states`
  MODIFY `id` int(10) UNSIGNED NOT NULL AUTO_INCREMENT, AUTO_INCREMENT=38;

--
-- AUTO_INCREMENT for table `student_records`
--
ALTER TABLE `student_records`
  MODIFY `id` int(10) UNSIGNED NOT NULL AUTO_INCREMENT, AUTO_INCREMENT=39;

--
-- AUTO_INCREMENT for table `subjects`
--
ALTER TABLE `subjects`
  MODIFY `id` int(10) UNSIGNED NOT NULL AUTO_INCREMENT, AUTO_INCREMENT=164;

--
-- AUTO_INCREMENT for table `time_slots`
--
ALTER TABLE `time_slots`
  MODIFY `id` int(10) UNSIGNED NOT NULL AUTO_INCREMENT;

--
-- AUTO_INCREMENT for table `time_tables`
--
ALTER TABLE `time_tables`
  MODIFY `id` int(10) UNSIGNED NOT NULL AUTO_INCREMENT;

--
-- AUTO_INCREMENT for table `time_table_records`
--
ALTER TABLE `time_table_records`
  MODIFY `id` int(10) UNSIGNED NOT NULL AUTO_INCREMENT;

--
-- AUTO_INCREMENT for table `users`
--
ALTER TABLE `users`
  MODIFY `id` int(10) UNSIGNED NOT NULL AUTO_INCREMENT, AUTO_INCREMENT=70;

--
-- AUTO_INCREMENT for table `user_types`
--
ALTER TABLE `user_types`
  MODIFY `id` int(10) UNSIGNED NOT NULL AUTO_INCREMENT, AUTO_INCREMENT=6;

--
-- Constraints for dumped tables
--

--
-- Constraints for table `books`
--
ALTER TABLE `books`
  ADD CONSTRAINT `books_my_class_id_foreign` FOREIGN KEY (`my_class_id`) REFERENCES `my_classes` (`id`) ON DELETE CASCADE;

--
-- Constraints for table `book_requests`
--
ALTER TABLE `book_requests`
  ADD CONSTRAINT `book_requests_book_id_foreign` FOREIGN KEY (`book_id`) REFERENCES `books` (`id`) ON DELETE CASCADE,
  ADD CONSTRAINT `book_requests_user_id_foreign` FOREIGN KEY (`user_id`) REFERENCES `users` (`id`) ON DELETE CASCADE;

--
-- Constraints for table `exam_records`
--
ALTER TABLE `exam_records`
  ADD CONSTRAINT `exam_records_exam_id_foreign` FOREIGN KEY (`exam_id`) REFERENCES `exams` (`id`) ON DELETE CASCADE,
  ADD CONSTRAINT `exam_records_my_class_id_foreign` FOREIGN KEY (`my_class_id`) REFERENCES `my_classes` (`id`) ON DELETE CASCADE,
  ADD CONSTRAINT `exam_records_section_id_foreign` FOREIGN KEY (`section_id`) REFERENCES `sections` (`id`) ON DELETE CASCADE,
  ADD CONSTRAINT `exam_records_student_id_foreign` FOREIGN KEY (`student_id`) REFERENCES `users` (`id`) ON DELETE CASCADE;

--
-- Constraints for table `grades`
--
ALTER TABLE `grades`
  ADD CONSTRAINT `grades_class_type_id_foreign` FOREIGN KEY (`class_type_id`) REFERENCES `class_types` (`id`) ON DELETE CASCADE;

--
-- Constraints for table `lgas`
--
ALTER TABLE `lgas`
  ADD CONSTRAINT `lgas_state_id_foreign` FOREIGN KEY (`state_id`) REFERENCES `states` (`id`) ON DELETE CASCADE;

--
-- Constraints for table `marks`
--
ALTER TABLE `marks`
  ADD CONSTRAINT `marks_exam_id_foreign` FOREIGN KEY (`exam_id`) REFERENCES `exams` (`id`) ON DELETE CASCADE,
  ADD CONSTRAINT `marks_grade_id_foreign` FOREIGN KEY (`grade_id`) REFERENCES `grades` (`id`) ON DELETE SET NULL,
  ADD CONSTRAINT `marks_my_class_id_foreign` FOREIGN KEY (`my_class_id`) REFERENCES `my_classes` (`id`) ON DELETE CASCADE,
  ADD CONSTRAINT `marks_section_id_foreign` FOREIGN KEY (`section_id`) REFERENCES `sections` (`id`) ON DELETE CASCADE,
  ADD CONSTRAINT `marks_student_id_foreign` FOREIGN KEY (`student_id`) REFERENCES `users` (`id`) ON DELETE CASCADE,
  ADD CONSTRAINT `marks_subject_id_foreign` FOREIGN KEY (`subject_id`) REFERENCES `subjects` (`id`) ON DELETE CASCADE;

--
-- Constraints for table `my_classes`
--
ALTER TABLE `my_classes`
  ADD CONSTRAINT `my_classes_class_type_id_foreign` FOREIGN KEY (`class_type_id`) REFERENCES `class_types` (`id`) ON DELETE SET NULL;

--
-- Constraints for table `payments`
--
ALTER TABLE `payments`
  ADD CONSTRAINT `payments_my_class_id_foreign` FOREIGN KEY (`my_class_id`) REFERENCES `my_classes` (`id`) ON DELETE CASCADE;

--
-- Constraints for table `payment_records`
--
ALTER TABLE `payment_records`
  ADD CONSTRAINT `payment_records_payment_id_foreign` FOREIGN KEY (`payment_id`) REFERENCES `payments` (`id`) ON DELETE CASCADE,
  ADD CONSTRAINT `payment_records_student_id_foreign` FOREIGN KEY (`student_id`) REFERENCES `users` (`id`) ON DELETE CASCADE;

--
-- Constraints for table `pins`
--
ALTER TABLE `pins`
  ADD CONSTRAINT `pins_student_id_foreign` FOREIGN KEY (`student_id`) REFERENCES `users` (`id`) ON DELETE CASCADE,
  ADD CONSTRAINT `pins_user_id_foreign` FOREIGN KEY (`user_id`) REFERENCES `users` (`id`) ON DELETE CASCADE;

--
-- Constraints for table `promotions`
--
ALTER TABLE `promotions`
  ADD CONSTRAINT `promotions_from_class_foreign` FOREIGN KEY (`from_class`) REFERENCES `my_classes` (`id`) ON DELETE CASCADE,
  ADD CONSTRAINT `promotions_from_section_foreign` FOREIGN KEY (`from_section`) REFERENCES `sections` (`id`) ON DELETE CASCADE,
  ADD CONSTRAINT `promotions_student_id_foreign` FOREIGN KEY (`student_id`) REFERENCES `users` (`id`) ON DELETE CASCADE,
  ADD CONSTRAINT `promotions_to_class_foreign` FOREIGN KEY (`to_class`) REFERENCES `my_classes` (`id`) ON DELETE CASCADE,
  ADD CONSTRAINT `promotions_to_section_foreign` FOREIGN KEY (`to_section`) REFERENCES `sections` (`id`) ON DELETE CASCADE;

--
-- Constraints for table `receipts`
--
ALTER TABLE `receipts`
  ADD CONSTRAINT `receipts_pr_id_foreign` FOREIGN KEY (`pr_id`) REFERENCES `payment_records` (`id`) ON DELETE CASCADE;

--
-- Constraints for table `sections`
--
ALTER TABLE `sections`
  ADD CONSTRAINT `sections_my_class_id_foreign` FOREIGN KEY (`my_class_id`) REFERENCES `my_classes` (`id`) ON DELETE CASCADE,
  ADD CONSTRAINT `sections_teacher_id_foreign` FOREIGN KEY (`teacher_id`) REFERENCES `users` (`id`) ON DELETE SET NULL;

--
-- Constraints for table `staff_records`
--
ALTER TABLE `staff_records`
  ADD CONSTRAINT `staff_records_user_id_foreign` FOREIGN KEY (`user_id`) REFERENCES `users` (`id`) ON DELETE CASCADE;

--
-- Constraints for table `student_records`
--
ALTER TABLE `student_records`
  ADD CONSTRAINT `student_records_dorm_id_foreign` FOREIGN KEY (`dorm_id`) REFERENCES `dorms` (`id`) ON DELETE SET NULL,
  ADD CONSTRAINT `student_records_my_class_id_foreign` FOREIGN KEY (`my_class_id`) REFERENCES `my_classes` (`id`) ON DELETE CASCADE,
  ADD CONSTRAINT `student_records_my_parent_id_foreign` FOREIGN KEY (`my_parent_id`) REFERENCES `users` (`id`) ON DELETE SET NULL,
  ADD CONSTRAINT `student_records_section_id_foreign` FOREIGN KEY (`section_id`) REFERENCES `sections` (`id`) ON DELETE CASCADE,
  ADD CONSTRAINT `student_records_user_id_foreign` FOREIGN KEY (`user_id`) REFERENCES `users` (`id`) ON DELETE CASCADE;

--
-- Constraints for table `subjects`
--
ALTER TABLE `subjects`
  ADD CONSTRAINT `subjects_my_class_id_foreign` FOREIGN KEY (`my_class_id`) REFERENCES `my_classes` (`id`) ON DELETE CASCADE,
  ADD CONSTRAINT `subjects_teacher_id_foreign` FOREIGN KEY (`teacher_id`) REFERENCES `users` (`id`);

--
-- Constraints for table `time_slots`
--
ALTER TABLE `time_slots`
  ADD CONSTRAINT `time_slots_ttr_id_foreign` FOREIGN KEY (`ttr_id`) REFERENCES `time_table_records` (`id`) ON DELETE CASCADE;

--
-- Constraints for table `time_tables`
--
ALTER TABLE `time_tables`
  ADD CONSTRAINT `time_tables_subject_id_foreign` FOREIGN KEY (`subject_id`) REFERENCES `subjects` (`id`) ON DELETE CASCADE,
  ADD CONSTRAINT `time_tables_ts_id_foreign` FOREIGN KEY (`ts_id`) REFERENCES `time_slots` (`id`) ON DELETE CASCADE,
  ADD CONSTRAINT `time_tables_ttr_id_foreign` FOREIGN KEY (`ttr_id`) REFERENCES `time_table_records` (`id`) ON DELETE CASCADE;

--
-- Constraints for table `time_table_records`
--
ALTER TABLE `time_table_records`
  ADD CONSTRAINT `time_table_records_exam_id_foreign` FOREIGN KEY (`exam_id`) REFERENCES `exams` (`id`) ON DELETE CASCADE,
  ADD CONSTRAINT `time_table_records_my_class_id_foreign` FOREIGN KEY (`my_class_id`) REFERENCES `my_classes` (`id`) ON DELETE CASCADE;

--
-- Constraints for table `users`
--
ALTER TABLE `users`
  ADD CONSTRAINT `users_bg_id_foreign` FOREIGN KEY (`bg_id`) REFERENCES `blood_groups` (`id`) ON DELETE SET NULL,
  ADD CONSTRAINT `users_lga_id_foreign` FOREIGN KEY (`lga_id`) REFERENCES `lgas` (`id`) ON DELETE SET NULL,
  ADD CONSTRAINT `users_nal_id_foreign` FOREIGN KEY (`nal_id`) REFERENCES `nationalities` (`id`) ON DELETE SET NULL,
  ADD CONSTRAINT `users_state_id_foreign` FOREIGN KEY (`state_id`) REFERENCES `states` (`id`) ON DELETE SET NULL;
COMMIT;

/*!40101 SET CHARACTER_SET_CLIENT=@OLD_CHARACTER_SET_CLIENT */;
/*!40101 SET CHARACTER_SET_RESULTS=@OLD_CHARACTER_SET_RESULTS */;
/*!40101 SET COLLATION_CONNECTION=@OLD_COLLATION_CONNECTION */;
